seqnames	start	end	width	strand	annotation	geneChr	geneStart	geneEnd	geneLength	geneStrand	geneId	transcriptId	distanceToTSS	ENSEMBL	SYMBOL	GENENAME	Clusters
chr1	46894568	46894733	166	*	Distal Intergenic	1	46835640	46892852	57213	2	227059	ENSMUST00000186852.1	-1716	ENSMUSG00000025986	Slc39a10	solute carrier family 39 (zinc transporter), member 10	NCoR1 CpG 6hr
chr1	46905833	46905998	166	*	Distal Intergenic	1	46835640	46892852	57213	2	227059	ENSMUST00000186852.1	-12981	ENSMUSG00000025986	Slc39a10	solute carrier family 39 (zinc transporter), member 10	NCoR1 CpG 6hr
chr1	46921647	46921812	166	*	Distal Intergenic	1	46835640	46892852	57213	2	227059	ENSMUST00000186852.1	-28795	ENSMUSG00000025986	Slc39a10	solute carrier family 39 (zinc transporter), member 10	NCoR1 CpG 6hr
chr1	134063484	134063649	166	*	Distal Intergenic	1	134075170	134079120	3951	2	12227	ENSMUST00000020692.6	15471	ENSMUSG00000020423	Btg2	BTG anti-proliferation factor 2	NCoR1 CpG 6hr
chr1	134077673	134077838	166	*	Exon (ENSMUST00000020692.6/12227, exon 2 of 2)	1	134075170	134079120	3951	2	12227	ENSMUST00000020692.6	1282	ENSMUSG00000020423	Btg2	BTG anti-proliferation factor 2	NCoR1 CpG 6hr
chr1	134093965	134094130	166	*	Distal Intergenic	1	134075170	134079120	3951	2	12227	ENSMUST00000020692.6	-14845	ENSMUSG00000020423	Btg2	BTG anti-proliferation factor 2	NCoR1 CpG 6hr
chr1	135815496	135815661	166	*	Distal Intergenic	1	135818598	135833342	14745	1	16763	ENSMUST00000038760.9	-2937	ENSMUSG00000041782	Lad1	ladinin	NCoR1 CpG 6hr
chr1	170977190	170977355	166	*	Promoter	1	170960769	170976547	15779	2	14130	ENSMUST00000159969.7	-643	ENSMUSG00000026656	Fcgr2b	Fc receptor, IgG, low affinity IIb	NCoR1 CpG 6hr
chr1	170993658	170993823	166	*	Distal Intergenic	1	170960769	170976547	15779	2	14130	ENSMUST00000159969.7	-17111	ENSMUSG00000026656	Fcgr2b	Fc receptor, IgG, low affinity IIb	NCoR1 CpG 6hr
chr1	171839603	171839768	166	*	Promoter	1	171839697	171890718	51022	1	12523	ENSMUST00000155802.7	0	ENSMUSG00000038147	Cd84	CD84 antigen	NCoR1 CpG 6hr
chr1	171845604	171845769	166	*	Intron (ENSMUST00000155802.7/12523, intron 2 of 8)	1	171840633	171886430	45798	1	12523	ENSMUST00000042302.6	4971	ENSMUSG00000038147	Cd84	CD84 antigen	NCoR1 CpG 6hr
chr1	171851673	171851838	166	*	Exon (ENSMUST00000155802.7/12523, exon 3 of 9)	1	171840633	171886430	45798	1	12523	ENSMUST00000042302.6	11040	ENSMUSG00000038147	Cd84	CD84 antigen	NCoR1 CpG 6hr
chr1	171865622	171865787	166	*	Intron (ENSMUST00000155802.7/12523, intron 3 of 8)	1	171840633	171886430	45798	1	12523	ENSMUST00000042302.6	24989	ENSMUSG00000038147	Cd84	CD84 antigen	NCoR1 CpG 6hr
chr1	171949101	171949266	166	*	Exon (ENSMUST00000195656.5/30925, exon 9 of 9)	1	171942629	171948858	6230	1	30925	ENSMUST00000195206.1	6472	ENSMUSG00000015314	Slamf6	SLAM family member 6	NCoR1 CpG 6hr
chr1	172590490	172590655	166	*	Promoter	1	172581758	172590568	8811	2	74748	ENSMUST00000065679.7	0	ENSMUSG00000053318	Slamf8	SLAM family member 8	NCoR1 CpG 6hr
chr1	192087160	192087325	166	*	Intron (ENSMUST00000085573.11/22033, intron 1 of 11)	1	191997430	192092559	95130	2	22033	ENSMUST00000085573.11	5234	ENSMUSG00000026637	Traf5	TNF receptor-associated factor 5	NCoR1 CpG 6hr
chr10	78086660	78086825	166	*	Distal Intergenic	10	78073339	78079525	6187	1	50723	ENSMUST00000219633.1	13321	ENSMUSG00000000732	Icosl	icos ligand	NCoR1 CpG 6hr
chr10	78092791	78092956	166	*	Distal Intergenic	10	78073339	78079525	6187	1	50723	ENSMUST00000219633.1	19452	ENSMUSG00000000732	Icosl	icos ligand	NCoR1 CpG 6hr
chr10	78094872	78095037	166	*	Distal Intergenic	10	78073339	78079525	6187	1	50723	ENSMUST00000219633.1	21533	ENSMUSG00000000732	Icosl	icos ligand	NCoR1 CpG 6hr
chr10	78096170	78096335	166	*	Distal Intergenic	10	78073339	78079525	6187	1	50723	ENSMUST00000219633.1	22831	ENSMUSG00000000732	Icosl	icos ligand	NCoR1 CpG 6hr
chr10	78116373	78116538	166	*	Distal Intergenic	10	78073339	78079525	6187	1	50723	ENSMUST00000219633.1	43034	ENSMUSG00000000732	Icosl	icos ligand	NCoR1 CpG 6hr
chr10	78477018	78477183	166	*	Distal Intergenic	10	78436744	78464975	28232	2	216134	ENSMUST00000041616.14	-12043	ENSMUSG00000032788	Pdxk	pyridoxal (pyridoxine, vitamin B6) kinase	NCoR1 CpG 6hr
chr10	78481000	78481165	166	*	Distal Intergenic	10	78436744	78464975	28232	2	216134	ENSMUST00000041616.14	-16025	ENSMUSG00000032788	Pdxk	pyridoxal (pyridoxine, vitamin B6) kinase	NCoR1 CpG 6hr
chr10	120882418	120882583	166	*	Intron (ENSMUST00000092143.11/320183, intron 1 of 6)	10	120783894	120871152	87259	2	320183	ENSMUST00000130950.1	-11266	ENSMUSG00000051236	Msrb3	methionine sulfoxide reductase B3	NCoR1 CpG 6hr
chr10	128118839	128119004	166	*	Exon (ENSMUST00000238829.1/116848, exon 12 of 29)	10	128133324	128134235	912	2	56516	ENSMUST00000217722.1	15231	ENSMUSG00000040043	Rbms2	RNA binding motif, single stranded interacting protein 2	NCoR1 CpG 6hr
chr10	130330781	130330946	166	*	Intron (ENSMUST00000217702.1/67596, intron 1 of 9)	10	130322879	130348550	25672	1	67596	ENSMUST00000218040.1	7902	ENSMUSG00000034833	Tespa1	thymocyte expressed, positive selection associated 1	NCoR1 CpG 6hr
chr11	3292240	3292405	166	*	Promoter	11	3292195	3294668	2474	1	56218	ENSMUST00000153603.7	45	ENSMUSG00000020453	Patz1	POZ (BTB) and AT hook containing zinc finger 1	NCoR1 CpG 6hr
chr11	4947234	4947399	166	*	Promoter	11	4938754	4948064	9311	2	380684	ENSMUST00000093369.4	665	ENSMUSG00000020396	Nefh	neurofilament, heavy polypeptide	NCoR1 CpG 6hr
chr11	34269251	34269416	166	*	Intron (ENSMUST00000093193.11/94176, intron 34 of 51)	11	34230559	34231670	1112	2	94176	ENSMUST00000127846.1	-37581	ENSMUSG00000020143	Dock2	dedicator of cyto-kinesis 2	NCoR1 CpG 6hr
chr11	34737352	34737517	166	*	Intron (ENSMUST00000093193.11/94176, intron 2 of 51)	11	34437312	34783883	346572	2	94176	ENSMUST00000154178.1	46366	ENSMUSG00000020143	Dock2	dedicator of cyto-kinesis 2	NCoR1 CpG 6hr
chr11	34782757	34782922	166	*	Promoter	11	34437312	34783883	346572	2	94176	ENSMUST00000154178.1	961	ENSMUSG00000020143	Dock2	dedicator of cyto-kinesis 2	NCoR1 CpG 6hr
chr11	34783142	34783307	166	*	Promoter	11	34437312	34783883	346572	2	94176	ENSMUST00000154178.1	576	ENSMUSG00000020143	Dock2	dedicator of cyto-kinesis 2	NCoR1 CpG 6hr
chr11	45089425	45089590	166	*	Distal Intergenic	11	45102866	45116928	14063	2	100504255	ENSMUST00000143869.1	27338	ENSMUSG00000084773	Gm12159	predicted gene 12159	NCoR1 CpG 6hr
chr11	45156930	45157095	166	*	Distal Intergenic	11	45102866	45116928	14063	2	100504255	ENSMUST00000143869.1	-40002	ENSMUSG00000084773	Gm12159	predicted gene 12159	NCoR1 CpG 6hr
chr11	51638123	51638288	166	*	Distal Intergenic	11	51623673	51635896	12224	2	66089	ENSMUST00000001081.9	-2227	ENSMUSG00000001054	Rmnd5b	required for meiotic nuclear division 5 homolog B	NCoR1 CpG 6hr
chr11	60811084	60811249	166	*	Promoter	11	60797245	60811091	13847	2	20425	ENSMUST00000173260.7	0	ENSMUSG00000020534	Shmt1	serine hydroxymethyltransferase 1 (soluble)	NCoR1 CpG 6hr
chr11	62387719	62387884	166	*	Intron (ENSMUST00000101066.9/20185, intron 13 of 44)	11	62373364	62384843	11480	2	20185	ENSMUST00000161699.7	-2876	ENSMUSG00000018501	Ncor1	nuclear receptor co-repressor 1	NCoR1 CpG 6hr
chr11	62457705	62457870	166	*	Promoter	11	62373386	62457806	84421	2	20185	ENSMUST00000127471.8	0	ENSMUSG00000018501	Ncor1	nuclear receptor co-repressor 1	NCoR1 CpG 6hr
chr11	69035876	69036041	166	*	Promoter	11	69034879	69036180	1302	1	68964	ENSMUST00000161271.1	997	ENSMUSG00000020898	Ctc1	CTS telomere maintenance complex component 1	NCoR1 CpG 6hr
chr11	69041205	69041370	166	*	Distal Intergenic	11	69045647	69051664	6018	1	20877	ENSMUST00000108666.7	-4277	ENSMUSG00000020897	Aurkb	aurora kinase B	NCoR1 CpG 6hr
chr11	69894804	69894969	166	*	Promoter	11	69881567	69895539	13973	2	216859	ENSMUST00000001631.6	570	ENSMUSG00000001588	Acap1	ArfGAP with coiled-coil, ankyrin repeat and PH domains 1	NCoR1 CpG 6hr
chr11	70655943	70656108	166	*	Intron (ENSMUST00000131642.1/ENSMUST00000131642.1, intron 1 of 1)	11	70657202	70660805	3604	1	13808	ENSMUST00000157027.7	-1094	ENSMUSG00000060600	Eno3	enolase 3, beta muscle	NCoR1 CpG 6hr
chr11	70679973	70680138	166	*	Intron (ENSMUST00000145823.7/216874, intron 8 of 20)	11	70669466	70683776	14311	2	216874	ENSMUST00000125687.1	3638	ENSMUSG00000040712	Camta2	calmodulin binding transcription activator 2	NCoR1 CpG 6hr
chr11	70764447	70764612	166	*	Promoter	11	70764209	70772928	8720	1	193043	ENSMUST00000060444.5	238	ENSMUSG00000043602	Zfp3	zinc finger protein 3	NCoR1 CpG 6hr
chr11	70787198	70787363	166	*	Distal Intergenic	11	70764209	70772928	8720	1	193043	ENSMUST00000060444.5	22989	ENSMUSG00000043602	Zfp3	zinc finger protein 3	NCoR1 CpG 6hr
chr11	70980369	70980534	166	*	Intron (ENSMUST00000078528.6/12261, intron 2 of 5)	11	70977848	70978871	1024	2	12261	ENSMUST00000155371.1	-1498	ENSMUSG00000018446	C1qbp	complement component 1, q subcomponent binding protein	NCoR1 CpG 6hr
chr11	70982977	70983142	166	*	Promoter	11	70977836	70983026	5191	2	12261	ENSMUST00000078528.6	0	ENSMUSG00000018446	C1qbp	complement component 1, q subcomponent binding protein	NCoR1 CpG 6hr
chr11	71019180	71019345	166	*	Promoter	11	71007164	71019242	12079	2	116891	ENSMUST00000108523.9	0	ENSMUSG00000018442	Derl2	Der1-like domain family, member 2	NCoR1 CpG 6hr
chr11	71144640	71144805	166	*	Promoter	11	71092236	71144704	52469	2	195046	ENSMUST00000108518.2	0	ENSMUSG00000069830	Nlrp1a	NLR family, pyrin domain containing 1A	NCoR1 CpG 6hr
chr11	72946463	72946628	166	*	Distal Intergenic	11	72961169	72993043	31875	1	53313	ENSMUST00000021142.7	-14541	ENSMUSG00000020788	Atp2a3	ATPase, Ca++ transporting, ubiquitous	NCoR1 CpG 6hr
chr11	72953940	72954105	166	*	Distal Intergenic	11	72961169	72993043	31875	1	53313	ENSMUST00000021142.7	-7064	ENSMUSG00000020788	Atp2a3	ATPase, Ca++ transporting, ubiquitous	NCoR1 CpG 6hr
chr11	75395812	75395977	166	*	Intron (ENSMUST00000044530.2/319822, intron 5 of 10)	11	75399609	75400633	1025	1	319822	ENSMUST00000135774.1	-3632	ENSMUSG00000018809	Smyd4	SET and MYND domain containing 4	NCoR1 CpG 6hr
chr11	75533080	75533245	166	*	Promoter	11	75532138	75545830	13693	1	215113	ENSMUST00000127226.2	942	ENSMUSG00000038178	Slc43a2	solute carrier family 43, member 2	NCoR1 CpG 6hr
chr11	75564367	75564532	166	*	Intron (ENSMUST00000108433.7/215113, intron 9 of 13)	11	75566007	75570189	4183	1	215113	ENSMUST00000145901.7	-1475	ENSMUSG00000038178	Slc43a2	solute carrier family 43, member 2	NCoR1 CpG 6hr
chr11	76066670	76066835	166	*	Exon (ENSMUST00000056601.10/68299, exon 18 of 22)	11	76062041	76092679	30639	2	68299	ENSMUST00000143163.7	25844	ENSMUSG00000017288	Vps53	VPS53 GARP complex subunit	NCoR1 CpG 6hr
chr11	76167695	76167860	166	*	Intron (ENSMUST00000056601.10/68299, intron 2 of 21)	11	76117674	76166201	48528	2	68299	ENSMUST00000166436.7	-1494	ENSMUSG00000017288	Vps53	VPS53 GARP complex subunit	NCoR1 CpG 6hr
chr11	78345945	78346110	166	*	Promoter	11	78346666	78348979	2314	1	22248	ENSMUST00000100755.3	-556	ENSMUSG00000002058	Unc119	unc-119 lipid binding chaperone	NCoR1 CpG 6hr
chr11	78349712	78349877	166	*	Distal Intergenic	11	78347935	78348998	1064	1	22248	ENSMUST00000125720.1	1777	ENSMUSG00000002058	Unc119	unc-119 lipid binding chaperone	NCoR1 CpG 6hr
chr11	78848654	78848819	166	*	Distal Intergenic	11	78826629	78839275	12647	1	66274	ENSMUST00000100748.4	22025	ENSMUSG00000072640	Lyrm9	LYR motif containing 9	NCoR1 CpG 6hr
chr11	78864711	78864876	166	*	Distal Intergenic	11	78826629	78839275	12647	1	66274	ENSMUST00000100748.4	38082	ENSMUSG00000072640	Lyrm9	LYR motif containing 9	NCoR1 CpG 6hr
chr11	79653470	79653635	166	*	Intron (ENSMUST00000017783.12/268451, intron 3 of 14)	11	79660562	79683498	22937	1	268451	ENSMUST00000155381.1	-6927	ENSMUSG00000017639	Rab11fip4	RAB11 family interacting protein 4 (class II)	NCoR1 CpG 6hr
chr11	79963418	79963583	166	*	Distal Intergenic	11	79933953	79962390	28438	2	216987	ENSMUST00000043152.5	-1028	ENSMUSG00000035575	Utp6	UTP6 small subunit processome component	NCoR1 CpG 6hr
chr11	82908292	82908457	166	*	Promoter	11	82900768	82908411	7644	2	217011	ENSMUST00000103213.9	0	ENSMUSG00000020692	Nle1	notchless homolog 1	NCoR1 CpG 6hr
chr11	83828717	83828882	166	*	Intron (ENSMUST00000135268.1/ENSMUST00000135268.1, intron 1 of 1)	11	83850063	83856098	6036	1	21410	ENSMUST00000135975.2	-21181	ENSMUSG00000020679	Hnf1b	HNF1 homeobox B	NCoR1 CpG 6hr
chr11	87422968	87423133	166	*	Exon (ENSMUST00000093684.1/ENSMUST00000093684.1, exon 1 of 1)	11	87427591	87484766	57176	1	83560	ENSMUST00000156483.1	-4458	ENSMUSG00000010342	Tex14	testis expressed gene 14	NCoR1 CpG 6hr
chr11	87426920	87427085	166	*	Promoter	11	87427591	87484766	57176	1	83560	ENSMUST00000156483.1	-506	ENSMUSG00000010342	Tex14	testis expressed gene 14	NCoR1 CpG 6hr
chr11	87433116	87433281	166	*	Intron (ENSMUST00000060835.11/83560, intron 1 of 30)	11	87427591	87484766	57176	1	83560	ENSMUST00000156483.1	5525	ENSMUSG00000010342	Tex14	testis expressed gene 14	NCoR1 CpG 6hr
chr11	87443460	87443625	166	*	Intron (ENSMUST00000060835.11/83560, intron 2 of 30)	11	87427591	87484766	57176	1	83560	ENSMUST00000156483.1	15869	ENSMUSG00000010342	Tex14	testis expressed gene 14	NCoR1 CpG 6hr
chr11	87448847	87449012	166	*	Intron (ENSMUST00000060835.11/83560, intron 2 of 30)	11	87427591	87484766	57176	1	83560	ENSMUST00000156483.1	21256	ENSMUSG00000010342	Tex14	testis expressed gene 14	NCoR1 CpG 6hr
chr11	87460405	87460570	166	*	Intron (ENSMUST00000060835.11/83560, intron 2 of 30)	11	87427591	87484766	57176	1	83560	ENSMUST00000156483.1	32814	ENSMUSG00000010342	Tex14	testis expressed gene 14	NCoR1 CpG 6hr
chr11	87462677	87462842	166	*	Intron (ENSMUST00000060835.11/83560, intron 2 of 30)	11	87427591	87484766	57176	1	83560	ENSMUST00000156483.1	35086	ENSMUSG00000010342	Tex14	testis expressed gene 14	NCoR1 CpG 6hr
chr11	95666788	95666953	166	*	Promoter	11	95666957	95680773	13817	1	18673	ENSMUST00000125172.7	-4	ENSMUSG00000038845	Phb	prohibitin	NCoR1 CpG 6hr
chr11	95688562	95688727	166	*	Distal Intergenic	11	95671450	95676060	4611	1	18673	ENSMUST00000123001.1	17112	ENSMUSG00000038845	Phb	prohibitin	NCoR1 CpG 6hr
chr11	96895965	96896130	166	*	Distal Intergenic	11	96907816	96908758	943	2	80280	ENSMUST00000154289.1	12628	ENSMUSG00000018669	Cdk5rap3	CDK5 regulatory subunit associated protein 3	NCoR1 CpG 6hr
chr11	97315316	97315481	166	*	Promoter	11	97315716	97329920	14205	1	67036	ENSMUST00000019026.9	-235	ENSMUSG00000018882	Mrpl45	mitochondrial ribosomal protein L45	NCoR1 CpG 6hr
chr11	97942498	97942663	166	*	Intron (ENSMUST00000017561.14/72324, intron 7 of 13)	11	97923656	97986399	62744	2	72324	ENSMUST00000107565.2	43736	ENSMUSG00000017417	Plxdc1	plexin domain containing 1	NCoR1 CpG 6hr
chr11	97953394	97953559	166	*	Intron (ENSMUST00000017561.14/72324, intron 7 of 13)	11	97923656	97986399	62744	2	72324	ENSMUST00000107565.2	32840	ENSMUSG00000017417	Plxdc1	plexin domain containing 1	NCoR1 CpG 6hr
chr11	97999318	97999483	166	*	Distal Intergenic	11	97989578	97996181	6604	2	217151	ENSMUST00000042971.15	-3137	ENSMUSG00000038352	Arl5c	ADP-ribosylation factor-like 5C	NCoR1 CpG 6hr
chr11	98754029	98754194	166	*	Promoter	11	98753586	98768403	14818	1	21833	ENSMUST00000124072.1	443	ENSMUSG00000058756	Thra	thyroid hormone receptor alpha	NCoR1 CpG 6hr
chr11	98775846	98776011	166	*	Promoter	11	98767932	98775333	7402	2	217166	ENSMUST00000064941.6	-513	ENSMUSG00000020889	Nr1d1	nuclear receptor subfamily 1, group D, member 1	NCoR1 CpG 6hr
chr11	99105071	99105236	166	*	Distal Intergenic	11	99065678	99089306	23629	2	217169	ENSMUST00000017751.2	-15765	ENSMUSG00000017607	Tns4	tensin 4	NCoR1 CpG 6hr
chr11	102440365	102440530	166	*	Promoter	11	102438748	102439777	1030	2	217219	ENSMUST00000145190.1	-588	ENSMUSG00000034685	Fam171a2	family with sequence similarity 171, member A2	NCoR1 CpG 6hr
chr11	103051270	103051435	166	*	Intron (ENSMUST00000021314.7/18107, intron 3 of 11)	11	103070585	103071750	1166	2	72469	ENSMUST00000124740.1	20315	ENSMUSG00000020937	Plcd3	phospholipase C, delta 3	NCoR1 CpG 6hr
chr11	106159413	106159578	166	*	Promoter	11	106158314	106159409	1096	2	67803	ENSMUST00000138094.1	-4	ENSMUSG00000040699	Limd2	LIM domain containing 2	NCoR1 CpG 6hr
chr11	109468244	109468409	166	*	Intron (ENSMUST00000070152.11/104681, intron 1 of 5)	11	109458498	109466359	7862	2	104681	ENSMUST00000032206.8	-1885	ENSMUSG00000041920	Slc16a6	solute carrier family 16 (monocarboxylic acid transporters), member 6	NCoR1 CpG 6hr
chr11	109470189	109470354	166	*	Intron (ENSMUST00000070152.11/104681, intron 1 of 5)	11	109459799	109472688	12890	2	104681	ENSMUST00000168740.2	2334	ENSMUSG00000041920	Slc16a6	solute carrier family 16 (monocarboxylic acid transporters), member 6	NCoR1 CpG 6hr
chr11	109473798	109473963	166	*	Promoter	11	109450855	109473598	22744	2	104681	ENSMUST00000070152.11	-200	ENSMUSG00000041920	Slc16a6	solute carrier family 16 (monocarboxylic acid transporters), member 6	NCoR1 CpG 6hr
chr11	110372756	110372921	166	*	Distal Intergenic	11	110399122	110513641	114520	1	26399	ENSMUST00000020949.11	-26201	ENSMUSG00000020623	Map2k6	mitogen-activated protein kinase kinase 6	NCoR1 CpG 6hr
chr11	110399840	110400005	166	*	Promoter	11	110399259	110513641	114383	1	26399	ENSMUST00000146084.7	581	ENSMUSG00000020623	Map2k6	mitogen-activated protein kinase kinase 6	NCoR1 CpG 6hr
chr11	110562540	110562705	166	*	Distal Intergenic	11	110479039	110497926	18888	1	26399	ENSMUST00000133920.1	83501	ENSMUSG00000020623	Map2k6	mitogen-activated protein kinase kinase 6	NCoR1 CpG 6hr
chr12	65073763	65073928	166	*	Promoter	12	65062481	65073900	11420	2	30795	ENSMUST00000220983.1	0	ENSMUSG00000020949	Fkbp3	FK506 binding protein 3	NCoR1 CpG 6hr
chr12	79525636	79525801	166	*	Intron (ENSMUST00000171210.2/19363, intron 7 of 10)	12	79327353	79701856	374504	1	19363	ENSMUST00000221257.1	198283	ENSMUSG00000059060	Rad51b	RAD51 paralog B	NCoR1 CpG 6hr
chr12	79613926	79614091	166	*	Intron (ENSMUST00000171210.2/19363, intron 7 of 10)	12	79327353	79701856	374504	1	19363	ENSMUST00000221257.1	286573	ENSMUSG00000059060	Rad51b	RAD51 paralog B	NCoR1 CpG 6hr
chr12	79618008	79618173	166	*	Intron (ENSMUST00000171210.2/19363, intron 7 of 10)	12	79327353	79701856	374504	1	19363	ENSMUST00000221257.1	290655	ENSMUSG00000059060	Rad51b	RAD51 paralog B	NCoR1 CpG 6hr
chr12	80065201	80065366	166	*	Intron (ENSMUST00000218323.1/ENSMUST00000218323.1, intron 1 of 1)	12	80108756	80112994	4239	2	12192	ENSMUST00000219642.1	47628	ENSMUSG00000021127	Zfp36l1	zinc finger protein 36, C3H type-like 1	NCoR1 CpG 6hr
chr12	80069220	80069385	166	*	Intron (ENSMUST00000218323.1/ENSMUST00000218323.1, intron 1 of 1)	12	80108756	80112994	4239	2	12192	ENSMUST00000219642.1	43609	ENSMUSG00000021127	Zfp36l1	zinc finger protein 36, C3H type-like 1	NCoR1 CpG 6hr
chr12	80070917	80071082	166	*	Intron (ENSMUST00000218323.1/ENSMUST00000218323.1, intron 1 of 1)	12	80108756	80112994	4239	2	12192	ENSMUST00000219642.1	41912	ENSMUSG00000021127	Zfp36l1	zinc finger protein 36, C3H type-like 1	NCoR1 CpG 6hr
chr12	80114368	80114533	166	*	Distal Intergenic	12	80107754	80113013	5260	2	12192	ENSMUST00000021552.2	-1355	ENSMUSG00000021127	Zfp36l1	zinc finger protein 36, C3H type-like 1	NCoR1 CpG 6hr
chr12	80114988	80115153	166	*	Distal Intergenic	12	80107754	80113013	5260	2	12192	ENSMUST00000021552.2	-1975	ENSMUSG00000021127	Zfp36l1	zinc finger protein 36, C3H type-like 1	NCoR1 CpG 6hr
chr12	80115659	80115824	166	*	Distal Intergenic	12	80107754	80113013	5260	2	12192	ENSMUST00000021552.2	-2646	ENSMUSG00000021127	Zfp36l1	zinc finger protein 36, C3H type-like 1	NCoR1 CpG 6hr
chr12	91668704	91668869	166	*	Intron (ENSMUST00000052969.14/108800, intron 4 of 6)	12	91703413	91713974	10562	2	108800	ENSMUST00000111609.2	45105	ENSMUSG00000020961	Ston2	stonin 2	NCoR1 CpG 6hr
chr12	91684188	91684353	166	*	Exon (ENSMUST00000167777.2/ENSMUST00000167777.2, exon 2 of 2)	12	91703413	91713974	10562	2	108800	ENSMUST00000111609.2	29621	ENSMUSG00000020961	Ston2	stonin 2	NCoR1 CpG 6hr
chr12	91691629	91691794	166	*	Intron (ENSMUST00000151945.1/ENSMUST00000151945.1, intron 3 of 3)	12	91703413	91713974	10562	2	108800	ENSMUST00000111609.2	22180	ENSMUSG00000020961	Ston2	stonin 2	NCoR1 CpG 6hr
chr12	91719196	91719361	166	*	Intron (ENSMUST00000052969.14/108800, intron 3 of 6)	12	91703413	91713974	10562	2	108800	ENSMUST00000111609.2	-5222	ENSMUSG00000020961	Ston2	stonin 2	NCoR1 CpG 6hr
chr12	91748278	91748443	166	*	Intron (ENSMUST00000052969.14/108800, intron 1 of 6)	12	91743618	91746084	2467	2	108800	ENSMUST00000166967.1	-2194	ENSMUSG00000020961	Ston2	stonin 2	NCoR1 CpG 6hr
chr12	91756803	91756968	166	*	Intron (ENSMUST00000052969.14/108800, intron 1 of 6)	12	91743618	91746084	2467	2	108800	ENSMUST00000166967.1	-10719	ENSMUSG00000020961	Ston2	stonin 2	NCoR1 CpG 6hr
chr12	91765549	91765714	166	*	Intron (ENSMUST00000052969.14/108800, intron 1 of 6)	12	91735054	91771170	36117	2	108800	ENSMUST00000170984.1	5456	ENSMUSG00000020961	Ston2	stonin 2	NCoR1 CpG 6hr
chr12	91766391	91766556	166	*	Intron (ENSMUST00000052969.14/108800, intron 1 of 6)	12	91735054	91771170	36117	2	108800	ENSMUST00000170984.1	4614	ENSMUSG00000020961	Ston2	stonin 2	NCoR1 CpG 6hr
chr12	91789929	91790094	166	*	Distal Intergenic	12	91633009	91786436	153428	2	108800	ENSMUST00000052969.14	-3493	ENSMUSG00000020961	Ston2	stonin 2	NCoR1 CpG 6hr
chr12	99946135	99946300	166	*	Intron (ENSMUST00000153627.7/104884, intron 15 of 15)	12	99964499	100062682	98184	1	217826	ENSMUST00000160413.7	-18199	ENSMUSG00000045404	Kcnk13	potassium channel, subfamily K, member 13	NCoR1 CpG 6hr
chr12	99956130	99956295	166	*	Distal Intergenic	12	99964499	100062682	98184	1	217826	ENSMUST00000160413.7	-8204	ENSMUSG00000045404	Kcnk13	potassium channel, subfamily K, member 13	NCoR1 CpG 6hr
chr12	99973764	99973929	166	*	Intron (ENSMUST00000160413.7/217826, intron 2 of 2)	12	99964525	100062674	98150	1	217826	ENSMUST00000049788.8	9239	ENSMUSG00000045404	Kcnk13	potassium channel, subfamily K, member 13	NCoR1 CpG 6hr
chr12	99979592	99979757	166	*	Intron (ENSMUST00000160413.7/217826, intron 2 of 2)	12	99964525	100062674	98150	1	217826	ENSMUST00000049788.8	15067	ENSMUSG00000045404	Kcnk13	potassium channel, subfamily K, member 13	NCoR1 CpG 6hr
chr12	99986895	99987060	166	*	Intron (ENSMUST00000160413.7/217826, intron 2 of 2)	12	99964525	100062674	98150	1	217826	ENSMUST00000049788.8	22370	ENSMUSG00000045404	Kcnk13	potassium channel, subfamily K, member 13	NCoR1 CpG 6hr
chr12	100005490	100005655	166	*	Intron (ENSMUST00000160413.7/217826, intron 2 of 2)	12	99964525	100062674	98150	1	217826	ENSMUST00000049788.8	40965	ENSMUSG00000045404	Kcnk13	potassium channel, subfamily K, member 13	NCoR1 CpG 6hr
chr12	100006791	100006956	166	*	Intron (ENSMUST00000160413.7/217826, intron 2 of 2)	12	99964525	100062674	98150	1	217826	ENSMUST00000049788.8	42266	ENSMUSG00000045404	Kcnk13	potassium channel, subfamily K, member 13	NCoR1 CpG 6hr
chr12	103341330	103341495	166	*	Intron (ENSMUST00000160463.1/ENSMUST00000160463.1, intron 1 of 3)	12	103321146	103338373	17228	2	65256	ENSMUST00000149431.1	-2957	ENSMUSG00000021200	Asb2	ankyrin repeat and SOCS box-containing 2	NCoR1 CpG 6hr
chr12	103343562	103343727	166	*	Intron (ENSMUST00000160463.1/ENSMUST00000160463.1, intron 1 of 3)	12	103321146	103338373	17228	2	65256	ENSMUST00000149431.1	-5189	ENSMUSG00000021200	Asb2	ankyrin repeat and SOCS box-containing 2	NCoR1 CpG 6hr
chr12	117843632	117843797	166	*	Promoter	12	117843884	117873757	29874	1	217946	ENSMUST00000176735.7	-87	ENSMUSG00000021175	Cdca7l	cell division cycle associated 7 like	NCoR1 CpG 6hr
chr13	41367436	41367601	166	*	Intron (ENSMUST00000180728.1/ENSMUST00000180728.1, intron 1 of 1)	13	41317920	41359739	41820	2	18003	ENSMUST00000224803.1	-7697	ENSMUSG00000021365	Nedd9	neural precursor cell expressed, developmentally down-regulated gene 9	NCoR1 CpG 6hr
chr13	41372964	41373129	166	*	Intron (ENSMUST00000021794.13/18003, intron 2 of 7)	13	41317920	41359739	41820	2	18003	ENSMUST00000224803.1	-13225	ENSMUSG00000021365	Nedd9	neural precursor cell expressed, developmentally down-regulated gene 9	NCoR1 CpG 6hr
chr13	41381565	41381730	166	*	Intron (ENSMUST00000225967.1/ENSMUST00000225967.1, intron 1 of 1)	13	41317920	41359739	41820	2	18003	ENSMUST00000224803.1	-21826	ENSMUSG00000021365	Nedd9	neural precursor cell expressed, developmentally down-regulated gene 9	NCoR1 CpG 6hr
chr13	41406582	41406747	166	*	Intron (ENSMUST00000021794.13/18003, intron 2 of 7)	13	41317920	41359739	41820	2	18003	ENSMUST00000224803.1	-46843	ENSMUSG00000021365	Nedd9	neural precursor cell expressed, developmentally down-regulated gene 9	NCoR1 CpG 6hr
chr13	41466809	41466974	166	*	Intron (ENSMUST00000021794.13/18003, intron 1 of 7)	13	41337816	41487242	149427	2	18003	ENSMUST00000225053.1	20268	ENSMUSG00000021365	Nedd9	neural precursor cell expressed, developmentally down-regulated gene 9	NCoR1 CpG 6hr
chr13	41467247	41467412	166	*	Intron (ENSMUST00000021794.13/18003, intron 1 of 7)	13	41337816	41487242	149427	2	18003	ENSMUST00000225053.1	19830	ENSMUSG00000021365	Nedd9	neural precursor cell expressed, developmentally down-regulated gene 9	NCoR1 CpG 6hr
chr13	41520872	41521037	166	*	Intron (ENSMUST00000224440.1/ENSMUST00000224440.1, intron 2 of 2)	13	41432303	41487362	55060	2	18003	ENSMUST00000224083.1	-33510	ENSMUSG00000021365	Nedd9	neural precursor cell expressed, developmentally down-regulated gene 9	NCoR1 CpG 6hr
chr13	43217877	43218042	166	*	Intron (ENSMUST00000055341.6/328232, intron 1 of 1)	13	43151744	43171501	19758	2	67046	ENSMUST00000021797.8	-46376	ENSMUSG00000021368	Tbc1d7	TBC1 domain family, member 7	NCoR1 CpG 6hr
chr13	43218396	43218561	166	*	Intron (ENSMUST00000055341.6/328232, intron 1 of 1)	13	43151744	43171501	19758	2	67046	ENSMUST00000021797.8	-46895	ENSMUSG00000021368	Tbc1d7	TBC1 domain family, member 7	NCoR1 CpG 6hr
chr13	59656658	59656823	166	*	Intron (ENSMUST00000022039.6/105348, intron 3 of 9)	13	59645092	59675772	30681	2	105348	ENSMUST00000225333.1	18949	ENSMUSG00000021556	Golm1	golgi membrane protein 1	NCoR1 CpG 6hr
chr13	59668864	59669029	166	*	Intron (ENSMUST00000022039.6/105348, intron 1 of 9)	13	59645092	59675772	30681	2	105348	ENSMUST00000225333.1	6743	ENSMUSG00000021556	Golm1	golgi membrane protein 1	NCoR1 CpG 6hr
chr13	59676963	59677128	166	*	Distal Intergenic	13	59634626	59675811	41186	2	105348	ENSMUST00000022039.6	-1152	ENSMUSG00000021556	Golm1	golgi membrane protein 1	NCoR1 CpG 6hr
chr13	60601600	60601765	166	*	Promoter	13	60601947	60762802	160856	1	69635	ENSMUST00000226059.1	-182	ENSMUSG00000021559	Dapk1	death associated protein kinase 1	NCoR1 CpG 6hr
chr13	60602580	60602745	166	*	Promoter	13	60602232	60696515	94284	1	69635	ENSMUST00000225632.1	348	ENSMUSG00000021559	Dapk1	death associated protein kinase 1	NCoR1 CpG 6hr
chr13	60612278	60612443	166	*	Intron (ENSMUST00000226059.1/69635, intron 2 of 26)	13	60602232	60696515	94284	1	69635	ENSMUST00000225632.1	10046	ENSMUSG00000021559	Dapk1	death associated protein kinase 1	NCoR1 CpG 6hr
chr13	60670588	60670753	166	*	Intron (ENSMUST00000226059.1/69635, intron 2 of 26)	13	60696413	60721777	25365	1	69635	ENSMUST00000224789.1	-25660	ENSMUSG00000021559	Dapk1	death associated protein kinase 1	NCoR1 CpG 6hr
chr13	60695301	60695466	166	*	Promoter	13	60696413	60721777	25365	1	69635	ENSMUST00000224789.1	-947	ENSMUSG00000021559	Dapk1	death associated protein kinase 1	NCoR1 CpG 6hr
chr13	60707248	60707413	166	*	Intron (ENSMUST00000226059.1/69635, intron 3 of 26)	13	60696413	60721777	25365	1	69635	ENSMUST00000224789.1	10835	ENSMUSG00000021559	Dapk1	death associated protein kinase 1	NCoR1 CpG 6hr
chr13	60738456	60738621	166	*	Intron (ENSMUST00000226059.1/69635, intron 18 of 26)	13	60753996	60760867	6872	1	69635	ENSMUST00000225952.1	-15375	ENSMUSG00000021559	Dapk1	death associated protein kinase 1	NCoR1 CpG 6hr
chr13	80902838	80903003	166	*	Distal Intergenic	13	80890518	80891642	1125	1	105171	ENSMUST00000162904.1	12320	ENSMUSG00000074794	Arrdc3	arrestin domain containing 3	NCoR1 CpG 6hr
chr13	102895946	102896111	166	*	Intron (ENSMUST00000166726.7/328329, intron 4 of 26)	13	102741969	102905786	163818	2	328329	ENSMUST00000167462.7	9675	ENSMUSG00000034751	Mast4	microtubule associated serine/threonine kinase family member 4	NCoR1 CpG 6hr
chr13	102906494	102906659	166	*	Promoter	13	102735002	102906106	171105	2	328329	ENSMUST00000171791.7	-388	ENSMUSG00000034751	Mast4	microtubule associated serine/threonine kinase family member 4	NCoR1 CpG 6hr
chr14	50363698	50363863	166	*	Downstream (<=300bp)	14	50357914	50363663	5750	1	239081	ENSMUST00000185091.1	5784	ENSMUSG00000051969	Tlr11	toll-like receptor 11	NCoR1 CpG 6hr
chr14	50369399	50369564	166	*	Distal Intergenic	14	50357914	50363663	5750	1	239081	ENSMUST00000185091.1	11485	ENSMUSG00000051969	Tlr11	toll-like receptor 11	NCoR1 CpG 6hr
chr14	50785457	50785622	166	*	Promoter	14	50765415	50785519	20105	2	219022	ENSMUST00000006451.7	0	ENSMUSG00000006288	Ttc5	tetratricopeptide repeat domain 5	NCoR1 CpG 6hr
chr14	55722109	55722274	166	*	Promoter	14	55715416	55722202	6787	2	56187	ENSMUST00000227061.1	0	ENSMUSG00000040472	Rabggta	Rab geranylgeranyl transferase, a subunit	NCoR1 CpG 6hr
chr14	55724489	55724654	166	*	Distal Intergenic	14	55716325	55722263	5939	2	56187	ENSMUST00000163889.2	-2226	ENSMUSG00000040472	Rabggta	Rab geranylgeranyl transferase, a subunit	NCoR1 CpG 6hr
chr14	101653794	101653959	166	*	Promoter	14	101653967	101667822	13856	1	50933	ENSMUST00000227815.1	-8	ENSMUSG00000022111	Uchl3	ubiquitin carboxyl-terminal esterase L3 (ubiquitin thiolesterase)	NCoR1 CpG 6hr
chr14	101655768	101655933	166	*	Intron (ENSMUST00000227815.1/50933, intron 1 of 3)	14	101654025	101696125	42101	1	50933	ENSMUST00000228773.1	1743	ENSMUSG00000022111	Uchl3	ubiquitin carboxyl-terminal esterase L3 (ubiquitin thiolesterase)	NCoR1 CpG 6hr
chr15	9523198	9523363	166	*	Intron (ENSMUST00000228782.1/16197, intron 2 of 7)	15	9511898	9529766	17869	2	16197	ENSMUST00000227234.1	6403	ENSMUSG00000003882	Il7r	interleukin 7 receptor	NCoR1 CpG 6hr
chr15	9529686	9529851	166	*	Promoter	15	9505788	9529828	24041	2	16197	ENSMUST00000228782.1	0	ENSMUSG00000003882	Il7r	interleukin 7 receptor	NCoR1 CpG 6hr
chr15	9562575	9562740	166	*	Distal Intergenic	15	9516409	9530176	13768	2	16197	ENSMUST00000228673.1	-32399	ENSMUSG00000003882	Il7r	interleukin 7 receptor	NCoR1 CpG 6hr
chr15	83009777	83009942	166	*	Intron (ENSMUST00000231165.1/74039, intron 4 of 5)	15	82998838	83023083	24246	2	74039	ENSMUST00000231204.1	13141	ENSMUSG00000058099	Nfam1	Nfat activating molecule with ITAM motif 1	NCoR1 CpG 6hr
chr15	102311585	102311750	166	*	Intron (ENSMUST00000064924.5/105988, intron 13 of 30)	15	102316485	102317076	592	1	105988	ENSMUST00000230116.1	-4735	ENSMUSG00000058290	Espl1	extra spindle pole bodies 1, separase	NCoR1 CpG 6hr
chr16	32130288	32130453	166	*	Distal Intergenic	16	32142795	32147881	5087	2	224109	ENSMUST00000126869.1	17428	ENSMUSG00000052384	Nrros	negative regulator of reactive oxygen species	NCoR1 CpG 6hr
chr16	32165555	32165720	166	*	Promoter	16	32142785	32165585	22801	2	224109	ENSMUST00000099991.10	0	ENSMUSG00000052384	Nrros	negative regulator of reactive oxygen species	NCoR1 CpG 6hr
chr16	33568679	33568844	166	*	Intron (ENSMUST00000121925.7/171286, intron 5 of 13)	16	33596562	33664135	67574	1	171286	ENSMUST00000122314.7	-27718	ENSMUSG00000035506	Slc12a8	solute carrier family 12 (potassium/chloride transporters), member 8	NCoR1 CpG 6hr
chr16	33573854	33574019	166	*	Intron (ENSMUST00000121925.7/171286, intron 5 of 13)	16	33596562	33664135	67574	1	171286	ENSMUST00000122314.7	-22543	ENSMUSG00000035506	Slc12a8	solute carrier family 12 (potassium/chloride transporters), member 8	NCoR1 CpG 6hr
chr16	33683675	33683840	166	*	Promoter	16	33684370	33766813	82444	1	77446	ENSMUST00000232568.1	-530	ENSMUSG00000075254	Heg1	heart development protein with EGF-like domains 1	NCoR1 CpG 6hr
chr16	33691412	33691577	166	*	Intron (ENSMUST00000232568.1/77446, intron 1 of 16)	16	33684545	33769443	84899	1	77446	ENSMUST00000126532.1	6867	ENSMUSG00000075254	Heg1	heart development protein with EGF-like domains 1	NCoR1 CpG 6hr
chr16	33742892	33743057	166	*	Intron (ENSMUST00000232568.1/77446, intron 12 of 16)	16	33753156	33761012	7857	1	77446	ENSMUST00000152832.1	-10099	ENSMUSG00000075254	Heg1	heart development protein with EGF-like domains 1	NCoR1 CpG 6hr
chr16	33745577	33745742	166	*	Intron (ENSMUST00000232568.1/77446, intron 12 of 16)	16	33753156	33761012	7857	1	77446	ENSMUST00000152832.1	-7414	ENSMUSG00000075254	Heg1	heart development protein with EGF-like domains 1	NCoR1 CpG 6hr
chr16	33769966	33770131	166	*	Exon (ENSMUST00000152782.7/77446, exon 15 of 15)	16	33756523	33760858	4336	1	77446	ENSMUST00000146518.1	13443	ENSMUSG00000075254	Heg1	heart development protein with EGF-like domains 1	NCoR1 CpG 6hr
chr16	55907173	55907338	166	*	Intron (ENSMUST00000023270.13/74201, intron 10 of 10)	16	55839953	55895285	55333	2	385658	ENSMUST00000099705.4	-11888	ENSMUSG00000075033	Nxpe3	neurexophilin and PC-esterase domain family, member 3	NCoR1 CpG 6hr
chr16	59619755	59619920	166	*	Intron (ENSMUST00000023405.15/56297, intron 6 of 7)	16	59613605	59632520	18916	2	56297	ENSMUST00000118438.7	12600	ENSMUSG00000022722	Arl6	ADP-ribosylation factor-like 6	NCoR1 CpG 6hr
chr16	59621654	59621819	166	*	Intron (ENSMUST00000023405.15/56297, intron 5 of 7)	16	59613605	59632520	18916	2	56297	ENSMUST00000118438.7	10701	ENSMUSG00000022722	Arl6	ADP-ribosylation factor-like 6	NCoR1 CpG 6hr
chr17	24354720	24354885	166	*	Intron (ENSMUST00000133816.7/27410, intron 1 of 19)	17	24352102	24383344	31243	1	27410	ENSMUST00000136295.1	2618	ENSMUSG00000024130	Abca3	ATP-binding cassette, sub-family A (ABC1), member 3	NCoR1 CpG 6hr
chr17	24654000	24654165	166	*	Distal Intergenic	17	24639286	24650327	11042	2	65962	ENSMUST00000002572.5	-3673	ENSMUSG00000002504	Slc9a3r2	solute carrier family 9 (sodium/hydrogen exchanger), member 3 regulator 2	NCoR1 CpG 6hr
chr17	28218443	28218608	166	*	Intron (ENSMUST00000002327.5/23853, intron 3 of 10)	17	28217033	28219981	2949	1	23853	ENSMUST00000233534.1	1410	ENSMUSG00000002257	Def6	differentially expressed in FDCP 6	NCoR1 CpG 6hr
chr17	31816517	31816682	166	*	Distal Intergenic	17	31849754	31851575	1822	2	17691	ENSMUST00000234867.1	34893	ENSMUSG00000024042	Sik1	salt inducible kinase 1	NCoR1 CpG 6hr
chr17	31828253	31828418	166	*	Distal Intergenic	17	31849754	31851575	1822	2	17691	ENSMUST00000234867.1	23157	ENSMUSG00000024042	Sik1	salt inducible kinase 1	NCoR1 CpG 6hr
chr17	31834540	31834705	166	*	Distal Intergenic	17	31849754	31851575	1822	2	17691	ENSMUST00000234867.1	16870	ENSMUSG00000024042	Sik1	salt inducible kinase 1	NCoR1 CpG 6hr
chr17	31835746	31835911	166	*	Distal Intergenic	17	31849754	31851575	1822	2	17691	ENSMUST00000234867.1	15664	ENSMUSG00000024042	Sik1	salt inducible kinase 1	NCoR1 CpG 6hr
chr17	33557693	33557858	166	*	Intron (ENSMUST00000087605.12/17916, intron 1 of 27)	17	33555765	33578149	22385	1	17916	ENSMUST00000174695.1	1928	ENSMUSG00000024300	Myo1f	myosin IF	NCoR1 CpG 6hr
chr17	45506755	45506920	166	*	Promoter	17	45506841	45520843	14003	1	224805	ENSMUST00000024733.8	0	ENSMUSG00000023938	Aars2	alanyl-tRNA synthetase 2, mitochondrial	NCoR1 CpG 6hr
chr17	48261896	48262061	166	*	Distal Intergenic	17	48264295	48275360	11066	1	224840	ENSMUST00000059873.13	-2234	ENSMUSG00000051682	Treml4	triggering receptor expressed on myeloid cells-like 4	NCoR1 CpG 6hr
chr17	57339675	57339840	166	*	Distal Intergenic	17	57358691	57483527	124837	1	13733	ENSMUST00000086763.12	-18851	ENSMUSG00000004730	Adgre1	adhesion G protein-coupled receptor E1	NCoR1 CpG 6hr
chr17	57344357	57344522	166	*	Distal Intergenic	17	57358691	57483527	124837	1	13733	ENSMUST00000086763.12	-14169	ENSMUSG00000004730	Adgre1	adhesion G protein-coupled receptor E1	NCoR1 CpG 6hr
chr17	57347035	57347200	166	*	Distal Intergenic	17	57358691	57483527	124837	1	13733	ENSMUST00000086763.12	-11491	ENSMUSG00000004730	Adgre1	adhesion G protein-coupled receptor E1	NCoR1 CpG 6hr
chr17	79031663	79031828	166	*	Distal Intergenic	17	78950549	79020816	70268	2	75292	ENSMUST00000119284.7	-10847	ENSMUSG00000024070	Prkd3	protein kinase D3	NCoR1 CpG 6hr
chr17	80729884	80730049	166	*	Distal Intergenic	17	80653861	80728485	74625	2	225028	ENSMUST00000234249.1	-1399	ENSMUSG00000024242	Map4k3	mitogen-activated protein kinase kinase kinase kinase 3	NCoR1 CpG 6hr
chr17	80772565	80772730	166	*	Distal Intergenic	17	80653861	80728485	74625	2	225028	ENSMUST00000234249.1	-44080	ENSMUSG00000024242	Map4k3	mitogen-activated protein kinase kinase kinase kinase 3	NCoR1 CpG 6hr
chr17	80775314	80775479	166	*	Distal Intergenic	17	80653861	80728485	74625	2	225028	ENSMUST00000234249.1	-46829	ENSMUSG00000024242	Map4k3	mitogen-activated protein kinase kinase kinase kinase 3	NCoR1 CpG 6hr
chr18	26864225	26864390	166	*	Distal Intergenic	18	25479115	25754157	275043	2	108013	ENSMUST00000225477.1	-1110068	ENSMUSG00000024268	Celf4	CUGBP, Elav-like family member 4	NCoR1 CpG 6hr
chr18	32407361	32407526	166	*	Promoter	18	32407634	32419907	12274	1	30948	ENSMUST00000234024.1	-108	ENSMUSG00000024381	Bin1	bridging integrator 1	NCoR1 CpG 6hr
chr18	60638349	60638514	166	*	Intron (ENSMUST00000143275.2/104027, intron 1 of 2)	18	60593990	60629853	35864	2	104027	ENSMUST00000130360.1	-8496	ENSMUSG00000043079	Synpo	synaptopodin	NCoR1 CpG 6hr
chr19	9122493	9122658	166	*	Intron (ENSMUST00000049948.5/66514, intron 2 of 6)	19	9132459	9135531	3073	2	66514	ENSMUST00000150353.1	12873	ENSMUSG00000024654	Asrgl1	asparaginase like 1	NCoR1 CpG 6hr
chr19	10173540	10173705	166	*	Distal Intergenic	19	10182888	10196874	13987	1	76267	ENSMUST00000010807.5	-9183	ENSMUSG00000010663	Fads1	fatty acid desaturase 1	NCoR1 CpG 6hr
chr19	29364191	29364356	166	*	Promoter	19	29360854	29363899	3046	2	67759	ENSMUST00000129608.1	-292	ENSMUSG00000016495	Plgrkt	plasminogen receptor, C-terminal lysine transmembrane protein	NCoR1 CpG 6hr
chr19	29366352	29366517	166	*	Promoter	19	29358376	29367308	8933	2	67759	ENSMUST00000138051.1	791	ENSMUSG00000016495	Plgrkt	plasminogen receptor, C-terminal lysine transmembrane protein	NCoR1 CpG 6hr
chr19	29667177	29667342	166	*	Distal Intergenic	19	29608214	29648415	40202	2	226090	ENSMUST00000159692.7	-18762	ENSMUSG00000046324	Ermp1	endoplasmic reticulum metallopeptidase 1	NCoR1 CpG 6hr
chr19	32903899	32904064	166	*	Distal Intergenic	19	32811225	32817977	6753	1	19211	ENSMUST00000154806.1	92674	ENSMUSG00000013663	Pten	phosphatase and tensin homolog	NCoR1 CpG 6hr
chr19	32904602	32904767	166	*	Distal Intergenic	19	32811225	32817977	6753	1	19211	ENSMUST00000154806.1	93377	ENSMUSG00000013663	Pten	phosphatase and tensin homolog	NCoR1 CpG 6hr
chr19	32906153	32906318	166	*	Distal Intergenic	19	32811225	32817977	6753	1	19211	ENSMUST00000154806.1	94928	ENSMUSG00000013663	Pten	phosphatase and tensin homolog	NCoR1 CpG 6hr
chr19	32935731	32935896	166	*	Distal Intergenic	19	32811225	32817977	6753	1	19211	ENSMUST00000154806.1	124506	ENSMUSG00000013663	Pten	phosphatase and tensin homolog	NCoR1 CpG 6hr
chr19	32950887	32951052	166	*	Distal Intergenic	19	32811225	32817977	6753	1	19211	ENSMUST00000154806.1	139662	ENSMUSG00000013663	Pten	phosphatase and tensin homolog	NCoR1 CpG 6hr
chr19	38594333	38594498	166	*	Intron (ENSMUST00000182481.7/74055, intron 2 of 32)	19	38583368	38652007	68640	1	74055	ENSMUST00000182999.1	10965	ENSMUSG00000024998	Plce1	phospholipase C, epsilon 1	NCoR1 CpG 6hr
chr19	38596220	38596385	166	*	Intron (ENSMUST00000182481.7/74055, intron 2 of 32)	19	38583368	38652007	68640	1	74055	ENSMUST00000182999.1	12852	ENSMUSG00000024998	Plce1	phospholipase C, epsilon 1	NCoR1 CpG 6hr
chr19	38597496	38597661	166	*	Intron (ENSMUST00000182481.7/74055, intron 2 of 32)	19	38583368	38652007	68640	1	74055	ENSMUST00000182999.1	14128	ENSMUSG00000024998	Plce1	phospholipase C, epsilon 1	NCoR1 CpG 6hr
chr19	41900600	41900765	166	*	Distal Intergenic	19	41862851	41896173	33323	2	107094	ENSMUST00000038677.4	-4427	ENSMUSG00000035049	Rrp12	ribosomal RNA processing 12 homolog	NCoR1 CpG 6hr
chr19	47004175	47004340	166	*	Intron (ENSMUST00000172239.2/76952, intron 1 of 17)	19	47014698	47025327	10630	1	226180	ENSMUST00000037636.3	-10358	ENSMUSG00000034336	Ina	internexin neuronal intermediate filament protein, alpha	NCoR1 CpG 6hr
chr19	53870142	53870307	166	*	Distal Intergenic	19	53892231	53929851	37621	1	18569	ENSMUST00000074371.12	-21924	ENSMUSG00000024975	Pdcd4	programmed cell death 4	NCoR1 CpG 6hr
chr19	53900038	53900203	166	*	Intron (ENSMUST00000074371.12/18569, intron 1 of 11)	19	53903299	53929860	26562	1	18569	ENSMUST00000025931.13	-3096	ENSMUSG00000024975	Pdcd4	programmed cell death 4	NCoR1 CpG 6hr
chr2	32725544	32725709	166	*	Intron (ENSMUST00000074248.10/27387, intron 2 of 11)	2	32727706	32744844	17139	1	27387	ENSMUST00000124133.7	-1997	ENSMUSG00000059013	Sh2d3c	SH2 domain containing 3C	NCoR1 CpG 6hr
chr2	68873199	68873364	166	*	Intron (ENSMUST00000028426.8/241447, intron 1 of 9)	2	68861586	69108644	247059	1	241447	ENSMUST00000176018.1	11613	ENSMUSG00000027035	Cers6	ceramide synthase 6	NCoR1 CpG 6hr
chr2	71032296	71032461	166	*	Intron (ENSMUST00000100037.8/228019, intron 2 of 9)	2	70993345	71018378	25034	2	228019	ENSMUST00000124273.1	-13918	ENSMUSG00000041975	Mettl8	methyltransferase like 8	NCoR1 CpG 6hr
chr2	91331464	91331629	166	*	Intron (ENSMUST00000064652.13/228356, intron 3 of 8)	2	91281742	91283141	1400	2	228356	ENSMUST00000132092.1	-48323	ENSMUSG00000040591	1110051M20Rik	RIKEN cDNA 1110051M20 gene	NCoR1 CpG 6hr
chr2	91412372	91412537	166	*	Intron (ENSMUST00000064652.13/228356, intron 2 of 8)	2	91275068	91444622	169555	2	228356	ENSMUST00000064652.13	32085	ENSMUSG00000040591	1110051M20Rik	RIKEN cDNA 1110051M20 gene	NCoR1 CpG 6hr
chr2	120432044	120432209	166	*	Intron (ENSMUST00000131523.7/76051, intron 1 of 6)	2	120423501	120431015	7515	1	76051	ENSMUST00000145134.1	8543	ENSMUSG00000062646	Ganc	glucosidase, alpha; neutral C	NCoR1 CpG 6hr
chr2	124576144	124576309	166	*	Intron (ENSMUST00000103241.7/214968, intron 5 of 20)	2	124610106	124662885	52780	1	214968	ENSMUST00000132088.1	-33797	ENSMUSG00000027200	Sema6d	sema domain, transmembrane domain (TM), and cytoplasmic domain, (semaphorin) 6D	NCoR1 CpG 6hr
chr2	124613451	124613616	166	*	Intron (ENSMUST00000103241.7/214968, intron 5 of 20)	2	124610601	124665957	55357	1	214968	ENSMUST00000103240.8	2850	ENSMUSG00000027200	Sema6d	sema domain, transmembrane domain (TM), and cytoplasmic domain, (semaphorin) 6D	NCoR1 CpG 6hr
chr2	124704955	124705120	166	*	Distal Intergenic	2	124653635	124665309	11675	1	214968	ENSMUST00000103238.1	51320	ENSMUSG00000027200	Sema6d	sema domain, transmembrane domain (TM), and cytoplasmic domain, (semaphorin) 6D	NCoR1 CpG 6hr
chr2	124711117	124711282	166	*	Distal Intergenic	2	124653635	124665309	11675	1	214968	ENSMUST00000103238.1	57482	ENSMUSG00000027200	Sema6d	sema domain, transmembrane domain (TM), and cytoplasmic domain, (semaphorin) 6D	NCoR1 CpG 6hr
chr2	124732722	124732887	166	*	Distal Intergenic	2	124653635	124665309	11675	1	214968	ENSMUST00000103238.1	79087	ENSMUSG00000027200	Sema6d	sema domain, transmembrane domain (TM), and cytoplasmic domain, (semaphorin) 6D	NCoR1 CpG 6hr
chr2	124751973	124752138	166	*	Distal Intergenic	2	124653635	124665309	11675	1	214968	ENSMUST00000103238.1	98338	ENSMUSG00000027200	Sema6d	sema domain, transmembrane domain (TM), and cytoplasmic domain, (semaphorin) 6D	NCoR1 CpG 6hr
chr2	124753827	124753992	166	*	Distal Intergenic	2	124653635	124665309	11675	1	214968	ENSMUST00000103238.1	100192	ENSMUSG00000027200	Sema6d	sema domain, transmembrane domain (TM), and cytoplasmic domain, (semaphorin) 6D	NCoR1 CpG 6hr
chr2	127505380	127505545	166	*	Intron (ENSMUST00000028850.14/56461, intron 2 of 8)	2	127456498	127521370	64873	2	56461	ENSMUST00000028850.14	15825	ENSMUSG00000079056	Kcnip3	Kv channel interacting protein 3, calsenilin	NCoR1 CpG 6hr
chr2	152105530	152105695	166	*	Promoter	2	152105524	152111376	5853	1	76650	ENSMUST00000041500.7	6	ENSMUSG00000032802	Srxn1	sulfiredoxin 1 homolog (S. cerevisiae)	NCoR1 CpG 6hr
chr2	158133191	158133356	166	*	Intron (ENSMUST00000103122.9/21817, intron 4 of 12)	2	158134322	158139736	5415	2	21817	ENSMUST00000152690.1	6380	ENSMUSG00000037820	Tgm2	transglutaminase 2, C polypeptide	NCoR1 CpG 6hr
chr2	158154054	158154219	166	*	Distal Intergenic	2	158116402	158146436	30035	2	21817	ENSMUST00000103122.9	-7618	ENSMUSG00000037820	Tgm2	transglutaminase 2, C polypeptide	NCoR1 CpG 6hr
chr2	158166685	158166850	166	*	Distal Intergenic	2	158116402	158146436	30035	2	21817	ENSMUST00000103122.9	-20249	ENSMUSG00000037820	Tgm2	transglutaminase 2, C polypeptide	NCoR1 CpG 6hr
chr2	165922564	165922729	166	*	Distal Intergenic	2	165840041	165899016	58976	2	228880	ENSMUST00000136842.1	-23548	ENSMUSG00000039671	Zmynd8	zinc finger, MYND-type containing 8	NCoR1 CpG 6hr
chr2	168539981	168540146	166	*	Intron (ENSMUST00000074618.9/18019, intron 3 of 9)	2	168476413	168552276	75864	2	18019	ENSMUST00000151292.7	12130	ENSMUSG00000027544	Nfatc2	nuclear factor of activated T cells, cytoplasmic, calcineurin dependent 2	NCoR1 CpG 6hr
chr2	168541329	168541494	166	*	Intron (ENSMUST00000074618.9/18019, intron 3 of 9)	2	168476413	168552276	75864	2	18019	ENSMUST00000151292.7	10782	ENSMUSG00000027544	Nfatc2	nuclear factor of activated T cells, cytoplasmic, calcineurin dependent 2	NCoR1 CpG 6hr
chr2	168556134	168556299	166	*	Intron (ENSMUST00000074618.9/18019, intron 3 of 9)	2	168476413	168552276	75864	2	18019	ENSMUST00000151292.7	-3858	ENSMUSG00000027544	Nfatc2	nuclear factor of activated T cells, cytoplasmic, calcineurin dependent 2	NCoR1 CpG 6hr
chr2	168563318	168563483	166	*	Intron (ENSMUST00000074618.9/18019, intron 3 of 9)	2	168476413	168552276	75864	2	18019	ENSMUST00000151292.7	-11042	ENSMUSG00000027544	Nfatc2	nuclear factor of activated T cells, cytoplasmic, calcineurin dependent 2	NCoR1 CpG 6hr
chr2	168579185	168579350	166	*	Intron (ENSMUST00000074618.9/18019, intron 1 of 9)	2	168519098	168590191	71094	2	18019	ENSMUST00000029057.12	10841	ENSMUSG00000027544	Nfatc2	nuclear factor of activated T cells, cytoplasmic, calcineurin dependent 2	NCoR1 CpG 6hr
chr2	168583167	168583332	166	*	Intron (ENSMUST00000074618.9/18019, intron 1 of 9)	2	168519098	168590191	71094	2	18019	ENSMUST00000029057.12	6859	ENSMUSG00000027544	Nfatc2	nuclear factor of activated T cells, cytoplasmic, calcineurin dependent 2	NCoR1 CpG 6hr
chr2	172401140	172401305	166	*	Intron (ENSMUST00000099061.8/320664, intron 1 of 4)	2	172393901	172432860	38960	1	320664	ENSMUST00000228775.1	7239	ENSMUSG00000074570	Cass4	Cas scaffolding protein family member 4	NCoR1 CpG 6hr
chr2	180270708	180270873	166	*	Intron (ENSMUST00000108891.1/252966, intron 1 of 9)	2	180262855	180273446	10592	2	252966	ENSMUST00000135301.1	2573	ENSMUSG00000038990	Cables2	CDK5 and Abl enzyme substrate 2	NCoR1 CpG 6hr
chr3	68905467	68905632	166	*	Intron (ENSMUST00000107812.7/68259, intron 18 of 19)	3	68914766	68915115	350	2	68259	ENSMUST00000176189.1	9483	ENSMUSG00000027778	Ift80	intraflagellar transport 80	NCoR1 CpG 6hr
chr3	68906324	68906489	166	*	Intron (ENSMUST00000107812.7/68259, intron 18 of 19)	3	68914766	68915115	350	2	68259	ENSMUST00000176189.1	8626	ENSMUSG00000027778	Ift80	intraflagellar transport 80	NCoR1 CpG 6hr
chr3	68927714	68927879	166	*	Exon (ENSMUST00000107812.7/68259, exon 13 of 20)	3	68893645	68920105	26461	2	68259	ENSMUST00000136176.1	-7609	ENSMUSG00000027778	Ift80	intraflagellar transport 80	NCoR1 CpG 6hr
chr3	68979611	68979776	166	*	Intron (ENSMUST00000107812.7/68259, intron 5 of 19)	3	68940128	68973745	33618	2	68259	ENSMUST00000176754.1	-5866	ENSMUSG00000027778	Ift80	intraflagellar transport 80	NCoR1 CpG 6hr
chr3	84673776	84673941	166	*	Intron (ENSMUST00000107682.1/320782, intron 1 of 6)	3	84666370	84685555	19186	1	320782	ENSMUST00000129417.1	7406	ENSMUSG00000056498	Tmem154	transmembrane protein 154	NCoR1 CpG 6hr
chr3	84679004	84679169	166	*	Intron (ENSMUST00000107682.1/320782, intron 1 of 6)	3	84690223	84692544	2322	1	320782	ENSMUST00000128344.1	-11054	ENSMUSG00000056498	Tmem154	transmembrane protein 154	NCoR1 CpG 6hr
chr3	84715211	84715376	166	*	Intron (ENSMUST00000154148.7/99889, intron 3 of 9)	3	84690223	84692544	2322	1	320782	ENSMUST00000128344.1	24988	ENSMUSG00000056498	Tmem154	transmembrane protein 154	NCoR1 CpG 6hr
chr3	88521838	88522003	166	*	Distal Intergenic	3	88532395	88541396	9002	1	72640	ENSMUST00000172699.1	-10392	ENSMUSG00000074480	Mex3a	mex3 RNA binding family member A	NCoR1 CpG 6hr
chr3	89887720	89887885	166	*	Intron (ENSMUST00000197679.4/16194, intron 3 of 9)	3	89869324	89913162	43839	2	16194	ENSMUST00000029559.6	25277	ENSMUSG00000027947	Il6ra	interleukin 6 receptor, alpha	NCoR1 CpG 6hr
chr3	89911312	89911477	166	*	Intron (ENSMUST00000197679.4/16194, intron 1 of 9)	3	89869324	89913162	43839	2	16194	ENSMUST00000029559.6	1685	ENSMUSG00000027947	Il6ra	interleukin 6 receptor, alpha	NCoR1 CpG 6hr
chr3	89913127	89913292	166	*	Promoter	3	89864059	89913196	49138	2	16194	ENSMUST00000197679.4	0	ENSMUSG00000027947	Il6ra	interleukin 6 receptor, alpha	NCoR1 CpG 6hr
chr3	90264826	90264991	166	*	Promoter	3	90265185	90280669	15485	1	229541	ENSMUST00000129564.7	-194	ENSMUSG00000042404	Dennd4b	DENN/MADD domain containing 4B	NCoR1 CpG 6hr
chr3	90265592	90265757	166	*	Promoter	3	90265185	90280669	15485	1	229541	ENSMUST00000129564.7	407	ENSMUSG00000042404	Dennd4b	DENN/MADD domain containing 4B	NCoR1 CpG 6hr
chr3	106482882	106483047	166	*	Promoter	3	106482450	106488605	6156	1	72121	ENSMUST00000149225.1	432	ENSMUSG00000027901	Dennd2d	DENN/MADD domain containing 2D	NCoR1 CpG 6hr
chr3	116860567	116860732	166	*	Promoter	3	116859567	116890973	31407	1	20321	ENSMUST00000199626.1	1000	ENSMUSG00000033386	Frrs1	ferric-chelate reductase 1	NCoR1 CpG 6hr
chr3	121345052	121345217	166	*	Intron (ENSMUST00000039442.11/66789, intron 3 of 3)	3	121291890	121320661	28772	1	66789	ENSMUST00000198341.1	53162	ENSMUSG00000039887	Alg14	asparagine-linked glycosylation 14	NCoR1 CpG 6hr
chr3	129362028	129362193	166	*	Distal Intergenic	3	129298594	129332720	34127	2	13809	ENSMUST00000165217.1	-29308	ENSMUSG00000028024	Enpep	glutamyl aminopeptidase	NCoR1 CpG 6hr
chr3	144232119	144232284	166	*	Distal Intergenic	3	144188683	144205220	16538	2	16911	ENSMUST00000196264.4	-26899	ENSMUSG00000028266	Lmo4	LIM domain only 4	NCoR1 CpG 6hr
chr3	146216671	146216836	166	*	Distal Intergenic	3	146220963	146286186	65224	1	65086	ENSMUST00000039164.3	-4127	ENSMUSG00000036832	Lpar3	lysophosphatidic acid receptor 3	NCoR1 CpG 6hr
chr3	146221153	146221318	166	*	Promoter	3	146220963	146286186	65224	1	65086	ENSMUST00000039164.3	190	ENSMUSG00000036832	Lpar3	lysophosphatidic acid receptor 3	NCoR1 CpG 6hr
chr3	146244746	146244911	166	*	Intron (ENSMUST00000039164.3/65086, intron 2 of 2)	3	146220963	146286186	65224	1	65086	ENSMUST00000039164.3	23783	ENSMUSG00000036832	Lpar3	lysophosphatidic acid receptor 3	NCoR1 CpG 6hr
chr3	157617052	157617217	166	*	Intron (ENSMUST00000041175.12/19218, intron 2 of 2)	3	157566900	157644756	77857	1	19218	ENSMUST00000173533.1	50152	ENSMUSG00000040016	Ptger3	prostaglandin E receptor 3 (subtype EP3)	NCoR1 CpG 6hr
chr3	157634537	157634702	166	*	Intron (ENSMUST00000041175.12/19218, intron 2 of 2)	3	157566900	157644756	77857	1	19218	ENSMUST00000173533.1	67637	ENSMUSG00000040016	Ptger3	prostaglandin E receptor 3 (subtype EP3)	NCoR1 CpG 6hr
chr3	157635762	157635927	166	*	Intron (ENSMUST00000041175.12/19218, intron 2 of 2)	3	157566900	157644756	77857	1	19218	ENSMUST00000173533.1	68862	ENSMUSG00000040016	Ptger3	prostaglandin E receptor 3 (subtype EP3)	NCoR1 CpG 6hr
chr3	158464001	158464166	166	*	Intron (ENSMUST00000200137.4/242274, intron 1 of 26)	3	158452333	158561336	109004	2	242274	ENSMUST00000198284.1	97170	ENSMUSG00000028176	Lrrc7	leucine rich repeat containing 7	NCoR1 CpG 6hr
chr3	158559573	158559738	166	*	Intron (ENSMUST00000200137.4/242274, intron 1 of 26)	3	158452333	158561336	109004	2	242274	ENSMUST00000198284.1	1598	ENSMUSG00000028176	Lrrc7	leucine rich repeat containing 7	NCoR1 CpG 6hr
chr4	47080617	47080782	166	*	Distal Intergenic	4	47091909	47123070	31162	1	230145	ENSMUST00000045041.11	-11127	ENSMUSG00000039774	Galnt12	polypeptide N-acetylgalactosaminyltransferase 12	NCoR1 CpG 6hr
chr4	63716414	63716579	166	*	Distal Intergenic	4	63727084	63745113	18030	2	326623	ENSMUST00000062246.6	28534	ENSMUSG00000050395	Tnfsf15	tumor necrosis factor (ligand) superfamily, member 15	NCoR1 CpG 6hr
chr4	63740841	63741006	166	*	Intron (ENSMUST00000062246.6/326623, intron 1 of 3)	4	63727084	63745113	18030	2	326623	ENSMUST00000062246.6	4107	ENSMUSG00000050395	Tnfsf15	tumor necrosis factor (ligand) superfamily, member 15	NCoR1 CpG 6hr
chr4	63745894	63746059	166	*	Promoter	4	63727084	63745113	18030	2	326623	ENSMUST00000062246.6	-781	ENSMUSG00000050395	Tnfsf15	tumor necrosis factor (ligand) superfamily, member 15	NCoR1 CpG 6hr
chr4	88415188	88415353	166	*	Intron (ENSMUST00000132493.7/66775, intron 6 of 6)	4	88400565	88411011	10447	1	230393	ENSMUST00000107147.1	14623	ENSMUSG00000038368	Focad	focadhesin	NCoR1 CpG 6hr
chr4	128591851	128592016	166	*	Exon (ENSMUST00000097877.8/269585, exon 4 of 8)	4	128583539	128589962	6424	2	269585	ENSMUST00000084276.11	-1889	ENSMUSG00000061894	Zscan20	zinc finger and SCAN domains 20	NCoR1 CpG 6hr
chr4	129625232	129625397	166	*	Distal Intergenic	4	129619274	129623947	4674	2	66264	ENSMUST00000030586.14	-1285	ENSMUSG00000028795	Ccdc28b	coiled coil domain containing 28B	NCoR1 CpG 6hr
chr4	133814146	133814311	166	*	Distal Intergenic	4	133850557	133860930	10374	2	20111	ENSMUST00000173989.7	46619	ENSMUSG00000003644	Rps6ka1	ribosomal protein S6 kinase polypeptide 1	NCoR1 CpG 6hr
chr4	133841199	133841364	166	*	Distal Intergenic	4	133850557	133860930	10374	2	20111	ENSMUST00000173989.7	19566	ENSMUSG00000003644	Rps6ka1	ribosomal protein S6 kinase polypeptide 1	NCoR1 CpG 6hr
chr4	133843210	133843375	166	*	Distal Intergenic	4	133850557	133860930	10374	2	20111	ENSMUST00000173989.7	17555	ENSMUSG00000003644	Rps6ka1	ribosomal protein S6 kinase polypeptide 1	NCoR1 CpG 6hr
chr4	133844312	133844477	166	*	Distal Intergenic	4	133850557	133860930	10374	2	20111	ENSMUST00000173989.7	16453	ENSMUSG00000003644	Rps6ka1	ribosomal protein S6 kinase polypeptide 1	NCoR1 CpG 6hr
chr4	134496727	134496892	166	*	Promoter	4	134496697	134508813	12117	1	71904	ENSMUST00000081525.3	30	ENSMUSG00000037348	Paqr7	progestin and adipoQ receptor family member VII	NCoR1 CpG 6hr
chr4	136178654	136178819	166	*	Intron (ENSMUST00000061721.5/242705, intron 2 of 6)	4	136180783	136186807	6025	1	242705	ENSMUST00000149750.1	-1964	ENSMUSG00000018983	E2f2	E2F transcription factor 2	NCoR1 CpG 6hr
chr4	136185526	136185691	166	*	Intron (ENSMUST00000061721.5/242705, intron 5 of 6)	4	136180783	136186807	6025	1	242705	ENSMUST00000149750.1	4743	ENSMUSG00000018983	E2f2	E2F transcription factor 2	NCoR1 CpG 6hr
chr4	140701388	140701553	166	*	Promoter	4	140701473	140710470	8998	1	108911	ENSMUST00000138808.7	0	ENSMUSG00000040945	Rcc2	regulator of chromosome condensation 2	NCoR1 CpG 6hr
chr4	140701780	140701945	166	*	Promoter	4	140701473	140723220	21748	1	108911	ENSMUST00000038893.5	307	ENSMUSG00000040945	Rcc2	regulator of chromosome condensation 2	NCoR1 CpG 6hr
chr4	140702567	140702732	166	*	Intron (ENSMUST00000071169.8/108911, intron 4 of 14)	4	140701473	140723220	21748	1	108911	ENSMUST00000038893.5	1094	ENSMUSG00000040945	Rcc2	regulator of chromosome condensation 2	NCoR1 CpG 6hr
chr4	144945408	144945573	166	*	Distal Intergenic	4	144918879	144919972	1094	1	20148	ENSMUST00000133265.1	26529	ENSMUSG00000066026	Dhrs3	dehydrogenase/reductase (SDR family) member 3	NCoR1 CpG 6hr
chr4	152477971	152478136	166	*	Promoter	4	152478142	152563183	85042	1	260305	ENSMUST00000081393.9	-6	ENSMUSG00000039577	Nphp4	nephronophthisis 4 (juvenile) homolog (human)	NCoR1 CpG 6hr
chr5	17842457	17842622	166	*	Intron (ENSMUST00000170051.7/12491, intron 1 of 14)	5	17782486	17835717	53232	2	12491	ENSMUST00000197890.4	-6740	ENSMUSG00000002944	Cd36	CD36 molecule	NCoR1 CpG 6hr
chr5	17854534	17854699	166	*	Intron (ENSMUST00000169095.5/12491, intron 1 of 15)	5	17781690	17849792	68103	2	12491	ENSMUST00000170051.7	-4742	ENSMUSG00000002944	Cd36	CD36 molecule	NCoR1 CpG 6hr
chr5	17876884	17877049	166	*	Intron (ENSMUST00000169095.5/12491, intron 1 of 15)	5	17782367	17888747	106381	2	12491	ENSMUST00000169095.5	11698	ENSMUSG00000002944	Cd36	CD36 molecule	NCoR1 CpG 6hr
chr5	17880020	17880185	166	*	Intron (ENSMUST00000169095.5/12491, intron 1 of 15)	5	17782367	17888747	106381	2	12491	ENSMUST00000169095.5	8562	ENSMUSG00000002944	Cd36	CD36 molecule	NCoR1 CpG 6hr
chr5	21676083	21676248	166	*	Exon (ENSMUST00000115217.7/242864, exon 3 of 5)	5	21662901	21701394	38494	2	242864	ENSMUST00000115217.7	25146	ENSMUSG00000044968	Napepld	N-acyl phosphatidylethanolamine phospholipase D	NCoR1 CpG 6hr
chr5	21711699	21711864	166	*	Distal Intergenic	5	21662903	21701396	38494	2	242864	ENSMUST00000060899.8	-10303	ENSMUSG00000044968	Napepld	N-acyl phosphatidylethanolamine phospholipase D	NCoR1 CpG 6hr
chr5	64887177	64887342	166	*	Distal Intergenic	5	64924680	64932761	8082	2	21897	ENSMUST00000059349.5	45419	ENSMUSG00000044827	Tlr1	toll-like receptor 1	NCoR1 CpG 6hr
chr5	64896707	64896872	166	*	Distal Intergenic	5	64924680	64932761	8082	2	21897	ENSMUST00000059349.5	35889	ENSMUSG00000044827	Tlr1	toll-like receptor 1	NCoR1 CpG 6hr
chr5	64900343	64900508	166	*	Distal Intergenic	5	64924680	64932761	8082	2	21897	ENSMUST00000059349.5	32253	ENSMUSG00000044827	Tlr1	toll-like receptor 1	NCoR1 CpG 6hr
chr5	64900728	64900893	166	*	Distal Intergenic	5	64924680	64932761	8082	2	21897	ENSMUST00000059349.5	31868	ENSMUSG00000044827	Tlr1	toll-like receptor 1	NCoR1 CpG 6hr
chr5	64922969	64923134	166	*	Distal Intergenic	5	64924680	64932761	8082	2	21897	ENSMUST00000059349.5	9627	ENSMUSG00000044827	Tlr1	toll-like receptor 1	NCoR1 CpG 6hr
chr5	64932467	64932632	166	*	Promoter	5	64924680	64932761	8082	2	21897	ENSMUST00000059349.5	129	ENSMUSG00000044827	Tlr1	toll-like receptor 1	NCoR1 CpG 6hr
chr5	64959190	64959355	166	*	Promoter	5	64952031	64960047	8017	2	21899	ENSMUST00000062315.5	692	ENSMUSG00000051498	Tlr6	toll-like receptor 6	NCoR1 CpG 6hr
chr5	64959813	64959978	166	*	Promoter	5	64952031	64960047	8017	2	21899	ENSMUST00000062315.5	69	ENSMUSG00000051498	Tlr6	toll-like receptor 6	NCoR1 CpG 6hr
chr5	64960844	64961009	166	*	Promoter	5	64955223	64960097	4875	2	21899	ENSMUST00000201307.1	-747	ENSMUSG00000051498	Tlr6	toll-like receptor 6	NCoR1 CpG 6hr
chr5	135911961	135912126	166	*	Intron (ENSMUST00000198270.1/22628, intron 1 of 2)	5	135930761	135934550	3790	2	22628	ENSMUST00000126192.1	22424	ENSMUSG00000051391	Ywhag	tyrosine 3-monooxygenase/tryptophan 5-monooxygenase activation protein, gamma polypeptide	NCoR1 CpG 6hr
chr5	135933939	135934104	166	*	Promoter	5	135930761	135934550	3790	2	22628	ENSMUST00000126192.1	446	ENSMUSG00000051391	Ywhag	tyrosine 3-monooxygenase/tryptophan 5-monooxygenase activation protein, gamma polypeptide	NCoR1 CpG 6hr
chr5	147363172	147363337	166	*	Exon (ENSMUST00000110549.2/14255, exon 10 of 10)	5	147330741	147400489	69749	2	14255	ENSMUST00000049324.12	37152	ENSMUSG00000042817	Flt3	FMS-like tyrosine kinase 3	NCoR1 CpG 6hr
chr5	147389138	147389303	166	*	Intron (ENSMUST00000049324.12/14255, intron 1 of 23)	5	147330741	147400489	69749	2	14255	ENSMUST00000049324.12	11186	ENSMUSG00000042817	Flt3	FMS-like tyrosine kinase 3	NCoR1 CpG 6hr
chr5	147400208	147400373	166	*	Promoter	5	147330741	147400489	69749	2	14255	ENSMUST00000049324.12	116	ENSMUSG00000042817	Flt3	FMS-like tyrosine kinase 3	NCoR1 CpG 6hr
chr6	17748967	17749132	166	*	Promoter	6	17749170	17906506	157337	1	64213	ENSMUST00000138726.7	-38	ENSMUSG00000029534	St7	suppression of tumorigenicity 7	NCoR1 CpG 6hr
chr6	17749582	17749747	166	*	Promoter	6	17749392	17943001	193610	1	64213	ENSMUST00000140358.7	190	ENSMUSG00000029534	St7	suppression of tumorigenicity 7	NCoR1 CpG 6hr
chr6	71930159	71930324	166	*	Promoter	6	71931181	71931772	592	1	20019	ENSMUST00000206823.1	-857	ENSMUSG00000049553	Polr1a	polymerase (RNA) I polypeptide A	NCoR1 CpG 6hr
chr6	71980228	71980393	166	*	Exon (ENSMUST00000055296.10/20019, exon 34 of 34)	6	71961540	71984935	23396	1	20019	ENSMUST00000205517.1	18688	ENSMUSG00000049553	Polr1a	polymerase (RNA) I polypeptide A	NCoR1 CpG 6hr
chr6	71981520	71981685	166	*	Exon (ENSMUST00000055296.10/20019, exon 34 of 34)	6	71961540	71984935	23396	1	20019	ENSMUST00000205517.1	19980	ENSMUSG00000049553	Polr1a	polymerase (RNA) I polypeptide A	NCoR1 CpG 6hr
chr6	72538865	72539030	166	*	Distal Intergenic	6	72544391	72562983	18593	1	12332	ENSMUST00000071044.12	-5361	ENSMUSG00000056737	Capg	capping protein (actin filament), gelsolin-like	NCoR1 CpG 6hr
chr6	72544606	72544771	166	*	Promoter	6	72544537	72562981	18445	1	12332	ENSMUST00000114072.7	69	ENSMUSG00000056737	Capg	capping protein (actin filament), gelsolin-like	NCoR1 CpG 6hr
chr6	72550843	72551008	166	*	Intron (ENSMUST00000071044.12/12332, intron 1 of 9)	6	72549652	72555824	6173	1	12332	ENSMUST00000134809.7	1191	ENSMUSG00000056737	Capg	capping protein (actin filament), gelsolin-like	NCoR1 CpG 6hr
chr6	83683135	83683300	166	*	Distal Intergenic	6	83671215	83677857	6643	2	246278	ENSMUST00000037882.7	-5278	ENSMUSG00000034783	Cd207	CD207 antigen	NCoR1 CpG 6hr
chr6	83689498	83689663	166	*	Distal Intergenic	6	83671215	83677857	6643	2	246278	ENSMUST00000037882.7	-11641	ENSMUSG00000034783	Cd207	CD207 antigen	NCoR1 CpG 6hr
chr6	88737090	88737255	166	*	Intron (ENSMUST00000113585.8/23945, intron 2 of 7)	6	88725077	88825874	100798	1	23945	ENSMUST00000203824.1	12013	ENSMUSG00000033174	Mgll	monoglyceride lipase	NCoR1 CpG 6hr
chr6	88769696	88769861	166	*	Intron (ENSMUST00000113585.8/23945, intron 3 of 7)	6	88725077	88825874	100798	1	23945	ENSMUST00000203824.1	44619	ENSMUSG00000033174	Mgll	monoglyceride lipase	NCoR1 CpG 6hr
chr6	113172827	113172992	166	*	Intron (ENSMUST00000162280.1/269788, intron 3 of 3)	6	113175395	113193943	18549	2	269788	ENSMUST00000203665.1	20951	ENSMUSG00000042873	Lhfpl4	lipoma HMGIC fusion partner-like protein 4	NCoR1 CpG 6hr
chr6	116672502	116672667	166	*	Intron (ENSMUST00000035842.6/213391, intron 1 of 10)	6	116645903	116673771	27869	2	213391	ENSMUST00000204203.1	1104	ENSMUSG00000042129	Rassf4	Ras association (RalGDS/AF-6) domain family member 4	NCoR1 CpG 6hr
chr6	116679678	116679843	166	*	Exon (ENSMUST00000056623.12/319776, exon 5 of 5)	6	116633008	116673952	40945	2	213391	ENSMUST00000035842.6	-5726	ENSMUSG00000042129	Rassf4	Ras association (RalGDS/AF-6) domain family member 4	NCoR1 CpG 6hr
chr6	122741739	122741904	166	*	Promoter	6	122739833	122742262	2430	2	20527	ENSMUST00000170724.7	358	ENSMUSG00000003153	Slc2a3	solute carrier family 2 (facilitated glucose transporter), member 3	NCoR1 CpG 6hr
chr6	122758832	122758997	166	*	Intron (ENSMUST00000165884.7/20527, intron 2 of 4)	6	122739892	122742920	3029	2	20527	ENSMUST00000168801.1	-15912	ENSMUSG00000003153	Slc2a3	solute carrier family 2 (facilitated glucose transporter), member 3	NCoR1 CpG 6hr
chr6	122810675	122810840	166	*	Distal Intergenic	6	122737085	122801640	64556	2	20527	ENSMUST00000165884.7	-9035	ENSMUSG00000003153	Slc2a3	solute carrier family 2 (facilitated glucose transporter), member 3	NCoR1 CpG 6hr
chr6	122854668	122854833	166	*	Intron (ENSMUST00000042081.8/12267, intron 1 of 1)	6	122847138	122856161	9024	2	12267	ENSMUST00000042081.8	1328	ENSMUSG00000040552	C3ar1	complement component 3a receptor 1	NCoR1 CpG 6hr
chr6	122856069	122856234	166	*	Promoter	6	122847138	122856161	9024	2	12267	ENSMUST00000042081.8	0	ENSMUSG00000040552	C3ar1	complement component 3a receptor 1	NCoR1 CpG 6hr
chr6	122863003	122863168	166	*	Distal Intergenic	6	122847138	122856161	9024	2	12267	ENSMUST00000042081.8	-6842	ENSMUSG00000040552	C3ar1	complement component 3a receptor 1	NCoR1 CpG 6hr
chr6	125067358	125067523	166	*	Promoter	6	125067920	125082472	14553	1	381810	ENSMUST00000088292.6	-397	ENSMUSG00000067714	Lpar5	lysophosphatidic acid receptor 5	NCoR1 CpG 6hr
chr6	125071384	125071549	166	*	Promoter	6	125071277	125082472	11196	1	381810	ENSMUST00000171989.2	107	ENSMUSG00000067714	Lpar5	lysophosphatidic acid receptor 5	NCoR1 CpG 6hr
chr6	128097544	128097709	166	*	Intron (ENSMUST00000112173.7/109246, intron 1 of 7)	6	127967166	128124316	157151	2	109246	ENSMUST00000127105.7	26607	ENSMUSG00000030352	Tspan9	tetraspanin 9	NCoR1 CpG 6hr
chr6	128135949	128136114	166	*	Promoter	6	127962802	128136709	173908	2	109246	ENSMUST00000112171.7	595	ENSMUSG00000030352	Tspan9	tetraspanin 9	NCoR1 CpG 6hr
chr6	128888823	128888988	166	*	Intron (ENSMUST00000032519.11/93675, intron 1 of 5)	6	128887598	128896863	9266	1	93675	ENSMUST00000162666.3	1225	ENSMUSG00000030365	Clec2i	C-type lectin domain family 2, member i	NCoR1 CpG 6hr
chr6	136735894	136736059	166	*	Intron (ENSMUST00000032338.9/14917, intron 12 of 26)	6	136697285	136781742	84458	2	14917	ENSMUST00000078095.10	45683	ENSMUSG00000042638	Gucy2c	guanylate cyclase 2c	NCoR1 CpG 6hr
chr7	3400033	3400198	166	*	Intron (ENSMUST00000182222.7/81905, intron 3 of 5)	7	3394117	3415605	21489	1	81905	ENSMUST00000092351.5	5916	ENSMUSG00000053395	Cacng8	calcium channel, voltage-dependent, gamma subunit 8	NCoR1 CpG 6hr
chr7	16155236	16155401	166	*	Intron (ENSMUST00000211649.1/110891, intron 8 of 9)	7	16175090	16178793	3704	1	17537	ENSMUST00000176342.7	-19689	ENSMUSG00000041420	Meis3	Meis homeobox 3	NCoR1 CpG 6hr
chr7	16156405	16156570	166	*	Intron (ENSMUST00000211649.1/110891, intron 8 of 9)	7	16175090	16178793	3704	1	17537	ENSMUST00000176342.7	-18520	ENSMUSG00000041420	Meis3	Meis homeobox 3	NCoR1 CpG 6hr
chr7	16193765	16193930	166	*	Distal Intergenic	7	16184090	16186504	2415	1	17537	ENSMUST00000176714.2	9675	ENSMUSG00000041420	Meis3	Meis homeobox 3	NCoR1 CpG 6hr
chr7	25706878	25707043	166	*	Distal Intergenic	7	25712935	25716106	3172	2	52132	ENSMUST00000134201.1	9063	ENSMUSG00000002608	Ccdc97	coiled-coil domain containing 97	NCoR1 CpG 6hr
chr7	27536769	27536934	166	*	Intron (ENSMUST00000117095.7/18807, intron 10 of 13)	7	27533454	27537940	4487	2	18807	ENSMUST00000142981.1	1006	ENSMUSG00000003363	Pld3	phospholipase D family, member 3	NCoR1 CpG 6hr
chr7	27545111	27545276	166	*	Exon (ENSMUST00000117095.7/18807, exon 2 of 14)	7	27541740	27542745	1006	2	18807	ENSMUST00000150964.1	-2366	ENSMUSG00000003363	Pld3	phospholipase D family, member 3	NCoR1 CpG 6hr
chr7	29007365	29007530	166	*	Intron (ENSMUST00000214374.1/20190, intron 104 of 108)	7	29001542	29003274	1733	1	26411	ENSMUST00000208784.1	5823	ENSMUSG00000037337	Map4k1	mitogen-activated protein kinase kinase kinase kinase 1	NCoR1 CpG 6hr
chr7	29906577	29906742	166	*	Promoter	7	29893333	29906572	13240	2	22689	ENSMUST00000162592.7	-5	ENSMUSG00000062040	Zfp27	zinc finger protein 27	NCoR1 CpG 6hr
chr7	39522283	39522448	166	*	Intron (ENSMUST00000108015.3/70227, intron 1 of 3)	7	39517766	39540420	22655	1	70227	ENSMUST00000108015.3	4517	ENSMUSG00000068959	Zfp619	zinc finger protein 619	NCoR1 CpG 6hr
chr7	39523840	39524005	166	*	Intron (ENSMUST00000108015.3/70227, intron 1 of 3)	7	39517766	39540420	22655	1	70227	ENSMUST00000108015.3	6074	ENSMUSG00000068959	Zfp619	zinc finger protein 619	NCoR1 CpG 6hr
chr7	44857226	44857391	166	*	Promoter	7	44857340	44861351	4012	1	59047	ENSMUST00000124168.7	0	ENSMUSG00000002963	Pnkp	polynucleotide kinase 3'- phosphatase	NCoR1 CpG 6hr
chr7	45591993	45592158	166	*	Distal Intergenic	7	45585421	45589706	4286	1	12036	ENSMUST00000209410.1	6572	ENSMUSG00000030826	Bcat2	branched chain aminotransferase 2, mitochondrial	NCoR1 CpG 6hr
chr7	45628844	45629009	166	*	Exon (ENSMUST00000057927.9/69903, exon 3 of 12)	7	45627488	45639093	11606	1	69903	ENSMUST00000057927.9	1356	ENSMUSG00000044562	Rasip1	Ras interacting protein 1	NCoR1 CpG 6hr
chr7	46184334	46184499	166	*	Distal Intergenic	7	46150596	46180033	29438	2	20927	ENSMUST00000210986.1	-4301	ENSMUSG00000040136	Abcc8	ATP-binding cassette, sub-family C (CFTR/MRP), member 8	NCoR1 CpG 6hr
chr7	46615699	46615864	166	*	Intron (ENSMUST00000033127.11/27414, intron 7 of 10)	7	46443221	46603242	160022	2	27414	ENSMUST00000156147.7	-12457	ENSMUSG00000030839	Sergef	secretion regulating guanine nucleotide exchange factor	NCoR1 CpG 6hr
chr7	79466062	79466227	166	*	Promoter	7	79449382	79466187	16806	2	18975	ENSMUST00000127082.7	0	ENSMUSG00000039176	Polg	polymerase (DNA directed), gamma	NCoR1 CpG 6hr
chr7	80143417	80143582	166	*	Distal Intergenic	7	80094846	80115392	20547	2	269951	ENSMUST00000107384.9	-28025	ENSMUSG00000030541	Idh2	isocitrate dehydrogenase 2 (NADP+), mitochondrial	NCoR1 CpG 6hr
chr7	80154823	80154988	166	*	Distal Intergenic	7	80186841	80226527	39687	1	20352	ENSMUST00000032754.8	-31853	ENSMUSG00000030539	Sema4b	sema domain, immunoglobulin domain (Ig), transmembrane domain (TM) and short cytoplasmic domain, (semaphorin) 4B	NCoR1 CpG 6hr
chr7	80177542	80177707	166	*	Distal Intergenic	7	80186841	80226527	39687	1	20352	ENSMUST00000032754.8	-9134	ENSMUSG00000030539	Sema4b	sema domain, immunoglobulin domain (Ig), transmembrane domain (TM) and short cytoplasmic domain, (semaphorin) 4B	NCoR1 CpG 6hr
chr7	80179908	80180073	166	*	Distal Intergenic	7	80186841	80226527	39687	1	20352	ENSMUST00000032754.8	-6768	ENSMUSG00000030539	Sema4b	sema domain, immunoglobulin domain (Ig), transmembrane domain (TM) and short cytoplasmic domain, (semaphorin) 4B	NCoR1 CpG 6hr
chr7	80203652	80203817	166	*	Intron (ENSMUST00000032754.8/20352, intron 2 of 14)	7	80198536	80214065	15530	1	20352	ENSMUST00000123023.2	5116	ENSMUSG00000030539	Sema4b	sema domain, immunoglobulin domain (Ig), transmembrane domain (TM) and short cytoplasmic domain, (semaphorin) 4B	NCoR1 CpG 6hr
chr7	80209868	80210033	166	*	Exon (ENSMUST00000206885.1/ENSMUST00000206885.1, exon 1 of 1)	7	80198536	80214065	15530	1	20352	ENSMUST00000123023.2	11332	ENSMUSG00000030539	Sema4b	sema domain, immunoglobulin domain (Ig), transmembrane domain (TM) and short cytoplasmic domain, (semaphorin) 4B	NCoR1 CpG 6hr
chr7	97026961	97027126	166	*	Intron (ENSMUST00000044466.11/244141, intron 7 of 13)	7	97023669	97062942	39274	1	244141	ENSMUST00000122835.7	3292	ENSMUSG00000018995	Nars2	asparaginyl-tRNA synthetase 2 (mitochondrial)(putative)	NCoR1 CpG 6hr
chr7	100735003	100735168	166	*	Intron (ENSMUST00000107042.8/319604, intron 1 of 8)	7	100706859	100813431	106573	1	319604	ENSMUST00000209084.1	28144	ENSMUSG00000029461	Fam168a	family with sequence similarity 168, member A	NCoR1 CpG 6hr
chr7	100745951	100746116	166	*	Intron (ENSMUST00000107042.8/319604, intron 1 of 8)	7	100706859	100813431	106573	1	319604	ENSMUST00000209084.1	39092	ENSMUSG00000029461	Fam168a	family with sequence similarity 168, member A	NCoR1 CpG 6hr
chr7	100780393	100780558	166	*	Intron (ENSMUST00000107042.8/319604, intron 1 of 8)	7	100786375	100836197	49823	1	319604	ENSMUST00000216021.1	-5817	ENSMUSG00000029461	Fam168a	family with sequence similarity 168, member A	NCoR1 CpG 6hr
chr7	101504353	101504518	166	*	Exon (ENSMUST00000084894.14/207728, exon 18 of 32)	7	101501617	101502459	843	1	207728	ENSMUST00000209315.1	2736	ENSMUSG00000030653	Pde2a	phosphodiesterase 2A, cGMP-stimulated	NCoR1 CpG 6hr
chr7	114083861	114084026	166	*	Intron (ENSMUST00000069449.6/66922, intron 1 of 5)	7	114046785	114117764	70980	2	66922	ENSMUST00000210075.1	33738	ENSMUSG00000055723	Rras2	related RAS viral (r-ras) oncogene 2	NCoR1 CpG 6hr
chr7	122260238	122260403	166	*	Distal Intergenic	7	122288751	122634399	345649	1	18751	ENSMUST00000143692.7	-28348	ENSMUSG00000052889	Prkcb	protein kinase C, beta	NCoR1 CpG 6hr
chr7	122310291	122310456	166	*	Intron (ENSMUST00000143692.7/18751, intron 2 of 17)	7	122290028	122425041	135014	1	18751	ENSMUST00000131167.7	20263	ENSMUSG00000052889	Prkcb	protein kinase C, beta	NCoR1 CpG 6hr
chr7	122317557	122317722	166	*	Exon (ENSMUST00000205846.1/ENSMUST00000205846.1, exon 1 of 1)	7	122290028	122425041	135014	1	18751	ENSMUST00000131167.7	27529	ENSMUSG00000052889	Prkcb	protein kinase C, beta	NCoR1 CpG 6hr
chr7	122320976	122321141	166	*	Intron (ENSMUST00000143692.7/18751, intron 2 of 17)	7	122290028	122425041	135014	1	18751	ENSMUST00000131167.7	30948	ENSMUSG00000052889	Prkcb	protein kinase C, beta	NCoR1 CpG 6hr
chr7	122328076	122328241	166	*	Intron (ENSMUST00000143692.7/18751, intron 2 of 17)	7	122290028	122425041	135014	1	18751	ENSMUST00000131167.7	38048	ENSMUSG00000052889	Prkcb	protein kinase C, beta	NCoR1 CpG 6hr
chr7	122329694	122329859	166	*	Intron (ENSMUST00000143692.7/18751, intron 2 of 17)	7	122290028	122425041	135014	1	18751	ENSMUST00000131167.7	39666	ENSMUSG00000052889	Prkcb	protein kinase C, beta	NCoR1 CpG 6hr
chr7	122415500	122415665	166	*	Promoter	7	122416068	122457326	41259	1	18751	ENSMUST00000149583.1	-403	ENSMUSG00000052889	Prkcb	protein kinase C, beta	NCoR1 CpG 6hr
chr7	122547149	122547314	166	*	Intron (ENSMUST00000143692.7/18751, intron 9 of 17)	7	122599982	122628078	28097	1	18751	ENSMUST00000127910.1	-52668	ENSMUSG00000052889	Prkcb	protein kinase C, beta	NCoR1 CpG 6hr
chr7	122598641	122598806	166	*	Intron (ENSMUST00000143692.7/18751, intron 15 of 17)	7	122599982	122628078	28097	1	18751	ENSMUST00000127910.1	-1176	ENSMUSG00000052889	Prkcb	protein kinase C, beta	NCoR1 CpG 6hr
chr7	127153560	127153725	166	*	Distal Intergenic	7	127133702	127137823	4122	2	20737	ENSMUST00000049931.5	-15737	ENSMUSG00000051457	Spn	sialophorin	NCoR1 CpG 6hr
chr7	144447175	144447340	166	*	Intron (ENSMUST00000033407.12/13043, intron 11 of 16)	7	144440015	144445905	5891	2	13043	ENSMUST00000126018.1	-1270	ENSMUSG00000031078	Cttn	cortactin	NCoR1 CpG 6hr
chr7	144941711	144941876	166	*	Distal Intergenic	7	144933198	144939925	6728	2	12443	ENSMUST00000208193.1	-1786	ENSMUSG00000070348	Ccnd1	cyclin D1	NCoR1 CpG 6hr
chr7	145025360	145025525	166	*	Distal Intergenic	7	144933198	144939925	6728	2	12443	ENSMUST00000208193.1	-85435	ENSMUSG00000070348	Ccnd1	cyclin D1	NCoR1 CpG 6hr
chr7	145026835	145027000	166	*	Distal Intergenic	7	144933198	144939925	6728	2	12443	ENSMUST00000208193.1	-86910	ENSMUSG00000070348	Ccnd1	cyclin D1	NCoR1 CpG 6hr
chr7	145030789	145030954	166	*	Distal Intergenic	7	144933198	144939925	6728	2	12443	ENSMUST00000208193.1	-90864	ENSMUSG00000070348	Ccnd1	cyclin D1	NCoR1 CpG 6hr
chr8	13155490	13155655	166	*	Distal Intergenic	8	13159161	13175338	16178	1	16783	ENSMUST00000033824.7	-3506	ENSMUSG00000031447	Lamp1	lysosomal-associated membrane protein 1	NCoR1 CpG 6hr
chr8	14837680	14837845	166	*	Intron (ENSMUST00000152652.7/244310, intron 12 of 14)	8	14881335	14894716	13382	1	26889	ENSMUST00000132001.1	-43490	ENSMUSG00000026317	Cln8	CLN8 transmembrane ER and ERGIC protein	NCoR1 CpG 6hr
chr8	14873128	14873293	166	*	Distal Intergenic	8	14881335	14894716	13382	1	26889	ENSMUST00000132001.1	-8042	ENSMUSG00000026317	Cln8	CLN8 transmembrane ER and ERGIC protein	NCoR1 CpG 6hr
chr8	14873915	14874080	166	*	Distal Intergenic	8	14881335	14894716	13382	1	26889	ENSMUST00000132001.1	-7255	ENSMUSG00000026317	Cln8	CLN8 transmembrane ER and ERGIC protein	NCoR1 CpG 6hr
chr8	14888621	14888786	166	*	Promoter	8	14889004	14894786	5783	1	26889	ENSMUST00000133578.1	-218	ENSMUSG00000026317	Cln8	CLN8 transmembrane ER and ERGIC protein	NCoR1 CpG 6hr
chr8	14891347	14891512	166	*	Intron (ENSMUST00000132001.1/26889, intron 1 of 1)	8	14889359	14894919	5561	1	26889	ENSMUST00000128839.1	1988	ENSMUSG00000026317	Cln8	CLN8 transmembrane ER and ERGIC protein	NCoR1 CpG 6hr
chr8	40595372	40595537	166	*	Intron (ENSMUST00000048890.16/54384, intron 4 of 14)	8	40553858	40590514	36657	2	54384	ENSMUST00000173487.7	-4858	ENSMUSG00000039431	Mtmr7	myotubularin related protein 7	NCoR1 CpG 6hr
chr8	46185519	46185684	166	*	Intron (ENSMUST00000034048.12/66756, intron 3 of 4)	8	46169556	46195588	26033	1	66756	ENSMUST00000164504.1	15963	ENSMUSG00000031631	Cfap97	cilia and flagella associated protein 97	NCoR1 CpG 6hr
chr8	56278174	56278339	166	*	Distal Intergenic	8	56294585	56321043	26459	1	15446	ENSMUST00000034026.9	-16246	ENSMUSG00000031613	Hpgd	hydroxyprostaglandin dehydrogenase 15 (NAD)	NCoR1 CpG 6hr
chr8	56301436	56301601	166	*	Intron (ENSMUST00000034026.9/15446, intron 3 of 6)	8	56294585	56321043	26459	1	15446	ENSMUST00000034026.9	6851	ENSMUSG00000031613	Hpgd	hydroxyprostaglandin dehydrogenase 15 (NAD)	NCoR1 CpG 6hr
chr8	56313756	56313921	166	*	Exon (ENSMUST00000209271.1/ENSMUST00000209271.1, exon 1 of 1)	8	56294585	56321043	26459	1	15446	ENSMUST00000034026.9	19171	ENSMUSG00000031613	Hpgd	hydroxyprostaglandin dehydrogenase 15 (NAD)	NCoR1 CpG 6hr
chr8	71289330	71289495	166	*	Intron (ENSMUST00000212935.1/17925, intron 1 of 39)	8	71251125	71272934	21810	2	76478	ENSMUST00000035960.12	-16396	ENSMUSG00000035439	Haus8	4HAUS augmin-like complex, subunit 8	NCoR1 CpG 6hr
chr8	71296430	71296595	166	*	Intron (ENSMUST00000212935.1/17925, intron 2 of 39)	8	71251125	71272934	21810	2	76478	ENSMUST00000035960.12	-23496	ENSMUSG00000035439	Haus8	4HAUS augmin-like complex, subunit 8	NCoR1 CpG 6hr
chr8	85113330	85113495	166	*	Intron (ENSMUST00000211109.1/244556, intron 3 of 4)	8	85109647	85119637	9991	2	244556	ENSMUST00000098550.3	6142	ENSMUSG00000074194	Zfp791	zinc finger protein 791	NCoR1 CpG 6hr
chr8	94375797	94375962	166	*	Distal Intergenic	8	94386438	94395377	8940	1	64209	ENSMUST00000161576.7	-10476	ENSMUSG00000031770	Herpud1	homocysteine-inducible, endoplasmic reticulum stress-inducible, ubiquitin-like domain member 1	NCoR1 CpG 6hr
chr8	94377060	94377225	166	*	Distal Intergenic	8	94386438	94395377	8940	1	64209	ENSMUST00000161576.7	-9213	ENSMUSG00000031770	Herpud1	homocysteine-inducible, endoplasmic reticulum stress-inducible, ubiquitin-like domain member 1	NCoR1 CpG 6hr
chr8	94379156	94379321	166	*	Exon (ENSMUST00000212669.1/ENSMUST00000212669.1, exon 1 of 1)	8	94386438	94395377	8940	1	64209	ENSMUST00000161576.7	-7117	ENSMUSG00000031770	Herpud1	homocysteine-inducible, endoplasmic reticulum stress-inducible, ubiquitin-like domain member 1	NCoR1 CpG 6hr
chr8	94387409	94387574	166	*	Promoter	8	94387553	94392469	4917	1	64209	ENSMUST00000161085.7	0	ENSMUSG00000031770	Herpud1	homocysteine-inducible, endoplasmic reticulum stress-inducible, ubiquitin-like domain member 1	NCoR1 CpG 6hr
chr8	94947041	94947206	166	*	Distal Intergenic	8	94934167	94935084	918	1	382045	ENSMUST00000142991.1	12874	ENSMUSG00000061577	Adgrg5	adhesion G protein-coupled receptor G5	NCoR1 CpG 6hr
chr8	105339106	105339271	166	*	Intron (ENSMUST00000132777.7/234686, intron 1 of 19)	8	105336553	105337907	1355	2	234686	ENSMUST00000136439.1	-1199	ENSMUSG00000014778	Fhod1	formin homology 2 domain containing 1	NCoR1 CpG 6hr
chr8	105345097	105345262	166	*	Intron (ENSMUST00000132777.7/234686, intron 1 of 19)	8	105329163	105347909	18747	2	234686	ENSMUST00000132777.7	2647	ENSMUSG00000014778	Fhod1	formin homology 2 domain containing 1	NCoR1 CpG 6hr
chr8	106007180	106007345	166	*	Intron (ENSMUST00000142898.1/66369, intron 2 of 2)	8	106011507	106053819	42313	1	66369	ENSMUST00000034375.10	-4162	ENSMUSG00000031901	Dus2	dihydrouridine synthase 2	NCoR1 CpG 6hr
chr8	106039755	106039920	166	*	Intron (ENSMUST00000034375.10/66369, intron 7 of 15)	8	106033390	106045992	12603	1	66369	ENSMUST00000138524.1	6365	ENSMUSG00000031901	Dus2	dihydrouridine synthase 2	NCoR1 CpG 6hr
chr8	115307584	115307749	166	*	Intron (ENSMUST00000004756.13/80707, intron 8 of 8)	8	115701435	115707794	6360	2	17132	ENSMUST00000109104.1	400045	ENSMUSG00000055435	Maf	avian musculoaponeurotic fibrosarcoma oncogene homolog	NCoR1 CpG 6hr
chr8	115311060	115311225	166	*	Intron (ENSMUST00000004756.13/80707, intron 8 of 8)	8	115701435	115707794	6360	2	17132	ENSMUST00000109104.1	396569	ENSMUSG00000055435	Maf	avian musculoaponeurotic fibrosarcoma oncogene homolog	NCoR1 CpG 6hr
chr8	115315936	115316101	166	*	Intron (ENSMUST00000004756.13/80707, intron 8 of 8)	8	115701435	115707794	6360	2	17132	ENSMUST00000109104.1	391693	ENSMUSG00000055435	Maf	avian musculoaponeurotic fibrosarcoma oncogene homolog	NCoR1 CpG 6hr
chr8	115392485	115392650	166	*	Distal Intergenic	8	115701435	115707794	6360	2	17132	ENSMUST00000109104.1	315144	ENSMUSG00000055435	Maf	avian musculoaponeurotic fibrosarcoma oncogene homolog	NCoR1 CpG 6hr
chr8	115398105	115398270	166	*	Distal Intergenic	8	115701435	115707794	6360	2	17132	ENSMUST00000109104.1	309524	ENSMUSG00000055435	Maf	avian musculoaponeurotic fibrosarcoma oncogene homolog	NCoR1 CpG 6hr
chr8	115407629	115407794	166	*	Distal Intergenic	8	115701435	115707794	6360	2	17132	ENSMUST00000109104.1	3e+05	ENSMUSG00000055435	Maf	avian musculoaponeurotic fibrosarcoma oncogene homolog	NCoR1 CpG 6hr
chr8	115414141	115414306	166	*	Distal Intergenic	8	115701435	115707794	6360	2	17132	ENSMUST00000109104.1	293488	ENSMUSG00000055435	Maf	avian musculoaponeurotic fibrosarcoma oncogene homolog	NCoR1 CpG 6hr
chr8	115423146	115423311	166	*	Distal Intergenic	8	115701435	115707794	6360	2	17132	ENSMUST00000109104.1	284483	ENSMUSG00000055435	Maf	avian musculoaponeurotic fibrosarcoma oncogene homolog	NCoR1 CpG 6hr
chr8	115472471	115472636	166	*	Distal Intergenic	8	115701435	115707794	6360	2	17132	ENSMUST00000109104.1	235158	ENSMUSG00000055435	Maf	avian musculoaponeurotic fibrosarcoma oncogene homolog	NCoR1 CpG 6hr
chr8	115486962	115487127	166	*	Distal Intergenic	8	115701435	115707794	6360	2	17132	ENSMUST00000109104.1	220667	ENSMUSG00000055435	Maf	avian musculoaponeurotic fibrosarcoma oncogene homolog	NCoR1 CpG 6hr
chr8	115494448	115494613	166	*	Distal Intergenic	8	115701435	115707794	6360	2	17132	ENSMUST00000109104.1	213181	ENSMUSG00000055435	Maf	avian musculoaponeurotic fibrosarcoma oncogene homolog	NCoR1 CpG 6hr
chr8	115555630	115555795	166	*	Distal Intergenic	8	115701435	115707794	6360	2	17132	ENSMUST00000109104.1	151999	ENSMUSG00000055435	Maf	avian musculoaponeurotic fibrosarcoma oncogene homolog	NCoR1 CpG 6hr
chr8	115568535	115568700	166	*	Distal Intergenic	8	115701435	115707794	6360	2	17132	ENSMUST00000109104.1	139094	ENSMUSG00000055435	Maf	avian musculoaponeurotic fibrosarcoma oncogene homolog	NCoR1 CpG 6hr
chr8	115612235	115612400	166	*	Distal Intergenic	8	115701435	115707794	6360	2	17132	ENSMUST00000109104.1	95394	ENSMUSG00000055435	Maf	avian musculoaponeurotic fibrosarcoma oncogene homolog	NCoR1 CpG 6hr
chr8	125649576	125649741	166	*	Distal Intergenic	8	125669818	125673359	3542	1	74393	ENSMUST00000053078.4	-20077	ENSMUSG00000050930	Map10	microtubule-associated protein 10	NCoR1 CpG 6hr
chr8	125671578	125671743	166	*	Exon (ENSMUST00000053078.4/74393, exon 1 of 1)	8	125669818	125673359	3542	1	74393	ENSMUST00000053078.4	1760	ENSMUSG00000050930	Map10	microtubule-associated protein 10	NCoR1 CpG 6hr
chr8	125696212	125696377	166	*	Distal Intergenic	8	125669818	125673359	3542	1	74393	ENSMUST00000053078.4	26394	ENSMUSG00000050930	Map10	microtubule-associated protein 10	NCoR1 CpG 6hr
chr8	125699650	125699815	166	*	Distal Intergenic	8	125669818	125673359	3542	1	74393	ENSMUST00000053078.4	29832	ENSMUSG00000050930	Map10	microtubule-associated protein 10	NCoR1 CpG 6hr
chr9	14641875	14642040	166	*	Intron (ENSMUST00000160770.8/75723, intron 1 of 13)	9	14547505	14643529	96025	2	75723	ENSMUST00000160770.8	1489	ENSMUSG00000013076	Amotl1	angiomotin-like 1	NCoR1 CpG 6hr
chr9	22641166	22641331	166	*	Intron (ENSMUST00000039798.15/319845, intron 12 of 21)	9	22643841	22888280	244440	1	319845	ENSMUST00000127296.7	-2510	ENSMUSG00000035919	Bbs9	Bardet-Biedl syndrome 9 (human)	NCoR1 CpG 6hr
chr9	22655124	22655289	166	*	Exon (ENSMUST00000039798.15/319845, exon 15 of 22)	9	22658280	22680513	22234	1	319845	ENSMUST00000130479.1	-2991	ENSMUSG00000035919	Bbs9	Bardet-Biedl syndrome 9 (human)	NCoR1 CpG 6hr
chr9	22672969	22673134	166	*	Intron (ENSMUST00000039798.15/319845, intron 17 of 21)	9	22678750	22888274	209525	1	319845	ENSMUST00000124076.1	-5616	ENSMUSG00000035919	Bbs9	Bardet-Biedl syndrome 9 (human)	NCoR1 CpG 6hr
chr9	35175536	35175701	166	*	Promoter	9	35126307	35175993	49687	2	69305	ENSMUST00000155139.1	292	ENSMUSG00000032040	Dcps	decapping enzyme, scavenger	NCoR1 CpG 6hr
chr9	35182923	35183088	166	*	Distal Intergenic	9	35124408	35176061	51654	2	69305	ENSMUST00000034539.11	-6862	ENSMUSG00000032040	Dcps	decapping enzyme, scavenger	NCoR1 CpG 6hr
chr9	35183431	35183596	166	*	Distal Intergenic	9	35124408	35176061	51654	2	69305	ENSMUST00000034539.11	-7370	ENSMUSG00000032040	Dcps	decapping enzyme, scavenger	NCoR1 CpG 6hr
chr9	50554727	50554892	166	*	Promoter	9	50554827	50581840	27014	1	16173	ENSMUST00000213916.1	0	ENSMUSG00000039217	Il18	interleukin 18	NCoR1 CpG 6hr
chr9	50591018	50591183	166	*	Distal Intergenic	9	50596357	50603812	7456	2	66925	ENSMUST00000000175.5	12629	ENSMUSG00000000171	Sdhd	succinate dehydrogenase complex, subunit D, integral membrane protein	NCoR1 CpG 6hr
chr9	56465347	56465512	166	*	Intron (ENSMUST00000034879.4/66867, intron 1 of 9)	9	56418830	56476117	57288	1	66867	ENSMUST00000214869.1	46517	ENSMUSG00000032329	Hmg20a	high mobility group 20A	NCoR1 CpG 6hr
chr9	66072894	66073059	166	*	Distal Intergenic	9	66065176	66069719	4544	2	382083	ENSMUST00000044711.6	-3175	ENSMUSG00000039452	Snx22	sorting nexin 22	NCoR1 CpG 6hr
chr9	77426192	77426357	166	*	Distal Intergenic	9	77431089	77442195	11107	2	214345	ENSMUST00000183467.1	15838	ENSMUSG00000032352	Lrrc1	leucine rich repeat containing 1	NCoR1 CpG 6hr
chr9	77456566	77456731	166	*	Intron (ENSMUST00000183873.7/214345, intron 7 of 13)	9	77435047	77442491	7445	2	214345	ENSMUST00000184099.1	-14075	ENSMUSG00000032352	Lrrc1	leucine rich repeat containing 1	NCoR1 CpG 6hr
chr9	77527264	77527429	166	*	Intron (ENSMUST00000183873.7/214345, intron 1 of 13)	9	77458090	77532444	74355	2	214345	ENSMUST00000183572.7	5015	ENSMUSG00000032352	Lrrc1	leucine rich repeat containing 1	NCoR1 CpG 6hr
chr9	77528791	77528956	166	*	Intron (ENSMUST00000183873.7/214345, intron 1 of 13)	9	77458090	77532444	74355	2	214345	ENSMUST00000183572.7	3488	ENSMUSG00000032352	Lrrc1	leucine rich repeat containing 1	NCoR1 CpG 6hr
chr9	77551141	77551306	166	*	Distal Intergenic	9	77430823	77544870	114048	2	214345	ENSMUST00000183873.7	-6271	ENSMUSG00000032352	Lrrc1	leucine rich repeat containing 1	NCoR1 CpG 6hr
chr9	96399463	96399628	166	*	Distal Intergenic	9	96332655	96364442	31788	2	11933	ENSMUST00000034983.6	-35021	ENSMUSG00000032412	Atp1b3	ATPase, Na+/K+ transporting, beta 3 polypeptide	NCoR1 CpG 6hr
chr9	106437789	106437954	166	*	Promoter	9	106433077	106437737	4661	2	109652	ENSMUST00000216400.1	-52	ENSMUSG00000023262	Acy1	aminoacylase 1	NCoR1 CpG 6hr
chr9	110645288	110645453	166	*	Promoter	9	110638318	110645368	7051	2	235627	ENSMUST00000149089.1	0	ENSMUSG00000056724	Nbeal2	neurobeachin-like 2	NCoR1 CpG 6hr
chrX	95077117	95077282	166	*	Intron (ENSMUST00000113876.8/236915, intron 6 of 9)	20	95051604	95081629	30026	2	236915	ENSMUST00000196354.4	4347	ENSMUSG00000025656	Arhgef9	CDC42 guanine nucleotide exchange factor (GEF) 9	NCoR1 CpG 6hr
chrX	103180319	103180484	166	*	Distal Intergenic	20	103184176	103186640	2465	2	17954	ENSMUST00000121720.1	6156	ENSMUSG00000082229	Nap1l2	nucleosome assembly protein 1-like 2	NCoR1 CpG 6hr
